record_id,case_number,year,region,court_code,article,defendant_id,defendant_category,penalty,trigger_object,source,mentioned_in,snippet_en,snippet_ru
record_6679c2c9,5-28/2014,2014,27,27MS0026,6.21_2,official_0002,official,fine (50000),Mass media (mass_media_001),court,https://web.archive.org/web/20220304091520/https://www.bbc.com/russian/rolling_news/2014/01/140131_rn_khabarovsk_gay_scandal,"The editor-in-chief of the local newspaper, “Young Far Easterner”, was fined for the article “History with Gayography.” This article tells a story of an openly gay school geography teacher in Khabarovsk who was fired because of his sexual orientation. The court found that this article “promoted non-traditional sexual relations among minors”.","Главный редактор газеты “Молодой Дальневосточник” был оштрафован за статью “История с гейографией.” В этой статье рассказывается история открыто гомосексуального учителя географии в школе в Хабаровске, который был уволен из-за своей сексуальной ориентации. Суд установил, что эта статья “пропагандировала нетрадиционные сексуальные отношения среди несовершеннолетних”."
record_5d903167,4-а-75/2014,2014,46,46OS0000,6.21_2,official_0001,official,fine (100000),Mass media (mass_media_002),court,,"The editor-in-chief of the Kursk online media outlet “CRNews” was fined for publishing the article ""You and I won't make it"" (09.08.2013), which, according to the court, “contained information aimed at developing non-traditional sexual attitudes in minors.” A judicial expert determined that the article contained “a sufficient number of suggestive techniques to [...] influence the psyche of children in terms of the presence of propaganda of homosexualism.” The expert classified phrases from the article as: “direct suggestive commands” ('Why don't you try becoming a lesbian'); “truismes” ('There aren't many joys in the life of gays'); “programming homosexual behavior” ('I can become a good mother'); “phrases appealing to presubposition” ('you know that gays earn more'); “use of manipulative figures of speech” (the expert wrote that the sentence 'After all, the male body with which God mistakenly endowed me is more resilient' “contains the false premise that God can make mistakes”); “analogous phrases with a false premise” ('Two dads? What a shame. But what about a mother, a grandmother, an aunt – is that a normal family?!'). The article is no longer available online.",
record_d1af1226,7-901/14,2014,23,23MS0229,6.21_1,individual_0001,individual,fine (4000),Merchandise (merch_004),court,,An individual was fined for selling four children's T-shirts that “contained graphic information depicting the attractiveness of non-traditional sexual relations” in a clothing shop.,
record_2db8a5f6,12-28/2014,2014,67,67RS0010,6.21_1,official_0038,official,fine (45000),Merchandise (merch_005),mass media (https://web.archive.org/web/20260606205726/https://vz.ru/news/2014/8/6/699012.html?ysclid=mq2j1onecr87263434); court,,"The director of the company “Kometa-Plus” was fined for distributing the board game “Forfeits”, which contained “elements promoting non-traditional sexual relations” among minors, as the mass media reported. The case was initiated after the organisation “Parental Committee of Stavropol” appealed to the prosecutor's office. The game asked the participants to roleplay different situations, such as “Pretend to be a same-sex couple on a date” and “Portray a man-loving Rambo” (text on the chips). The company that manufactured the board game was also fined (see case 7-149/2014).","Директор компании “Комета-Плюс” была оштрафована за распространение настольной игры “Фанты”, которая, как сообщали СМИ, содержала “элементы, пропагандирующие нетрадиционные сексуальные отношения” среди несовершеннолетних. Дело было возбуждено после обращения в прокуратуру организации “Родительский комитет Ставрополья”. Игра предлагала разыгрывать различные ситуации, такие как “Изобразите свидание однополой пары” или “Изобразите любящего мужчин Рэмбо” (текст на фишках). Компания-производитель настольной игры также была оштрафована (см. дело 7-149/2014)."
record_c13a3ebb,7-149/2014,2014,67,67OS0000,6.21_1,1026700647885,legal entity,fine (200000),Merchandise (merch_005),court,,"“Kometa-Plus”, the manufacturer of the board game “Forfeits”, was fined for “dissemination of information aimed at developing non-traditional sexual attitudes in minors”, according to the court. As the judicial expertise stated, “individual elements of the game [...] directly and indirectly promote homosexuality”. The game asked the players to roleplay different situations, such as “Pretend to be a same-sex couple on a date” and “Portray a man-loving Rambo” (text on the chips). Earlier, the general director of the company was also fined for distributing the same board game (see case 12-28/2014).","“Комета-Плюс”, компания-производитель настольной игры “Фанты”, была оштрафована за “распространение информации, направленной на формирование у несовершеннолетних нетрадиционных сексуальных установок”, согласно суду. Как заключила судебная экспертиза, “отдельные элементы игры [...] непосредственным и опосредованным способом пропагандируют гомосексуализм”. Игра предлагала разыгрывать различные ситуации, такие как “Изобразите свидание однополой пары” или “Изобразите любящего мужчин Рэмбо” (текст на фишках). Директор этой комании также была оштрафована за эту игру (см. дело 12-28/2014)."
record_a3e244e5,4а-1937,2014,16,16OS0000,6.21_1,individual_0002,individual,fine (4000),Protest (protest_001),court,https://web.archive.org/web/20260412095906/https://www.advocate.com/news/world-news/2013/12/20/third-russian-convicted-under-gay-propaganda-law; https://web.archive.org/web/20210622120212/https://www.bbc.com/russian/russia/2013/07/130731_kazan_lgbt_work_case,"An activist was fined for his single protest, during which he displayed a banner with the text “Being gay and loving gays is normal, beating gays and killing gays is a crime”. The activist appealed his fine twice, but the Supreme Court of the Republic of Tatarstan still deemed the poster to promote non-traditional sexual relations.",
record_2d1d8722,5-251/15,2015,25,25RS0002,6.21_2,1062536035858,legal entity,fine (1000000),Mass media (mass_media_003),court,,"A magazine published the article entitled “When like charges attract” about lesbian relationships, which authorities classified as material presenting same-sex relationships positively to minors and therefore treated as unlawful for public distribution.",
record_e185fbee,12-4105/2015,2015,77,77RS0023,6.21_2,official_0003,official,fine (100000),Mass media (mass_media_004),court,,"The editor-in-chief of the newspaper “Tvoi den'” was fined for publishing the article “I don't consider sex with a girlfriend to be cheating on my husband”, discussing romantic and sexual relationships between women, which authorities classified as inappropriate for distribution to minors and treated as unlawful promotion of same-sex relationships.","Газета “Твой день” опубликовала статью “Секс с подружкой я не считаю изменой мужу” (номер 143), в которой обсуждались романтические и сексуальные отношения между женщинами, которые власти квалифицировали как неподходящие для распространения среди несовершеннолетних и расценили как незаконную пропаганду однополых отношений."
record_a3d077bb,5-1003/2015,2015,63,63MS0024,6.21_2,individual_0004,individual,fine (50000),Social media (social_media_001),court,,"An individual was fined for administering a social media group “Kids against homophobia” in VKontakte, where he posted such messages as “Love each other…”, “Love conquers all…”, and “It’s nicest to fall asleep hugging your loved one…”, attaching photos of two hugging teenagers, two sleeping teenagers, and two kissing teenagers. The court viewed these posts to be “portraying same-sex relationships as emotionally and aesthetically appealing to minors”.",
record_6b264a42,5-7/2015,2015,66,66MS0065,6.21_2,individual_0003,individual,fine (50000),Social media (social_media_002),court,https://web.archive.org/web/20260611072135/https://www.bbc.com/russian/russia/2014/11/141114_klimova_deti404_interview; https://web.archive.org/web/20260427072717/https://www.hrw.org/news/2015/04/02/russia-court-hearing-against-lgbt-group,"The journalist Elena Klimova created the online support project “Children-404. LGBT-teenagers”, which included groups on social media, in which queer teens shared their experiences and sought support. The project regularly published their letters. The court determined that the project’s content constituted unlawful promotion of same-sex relationships among minors. In 2025, the European Court of Human Rights ruled that the decision of the Russian court violates the Articles 8 and 10 of the ECHR.",
record_1d758860,4а-74/2016,2016,78,78OS0000,6.21_4,individual_0006,individual,fine (50000); expulsion,Social media (social_media_003),court,,A foreign national was fined and ordered to leave the country for using social media to message with a minor in a way authorities interpreted as “promoting non-traditional sexual relationships”. The court decision did not specify which messages or actions constituted the violation.,
record_da66b862,12-182/16,2016,51,51RS0003,6.21_2,official_0004,official,fine (100000),"Queer venue, Social media (queer_venue_001)",court,,"The LGBT-support organisation, Maximum, which provided legal and psychological assistance, was fined for publishing its content online.",
record_c9a5f610,4а-2446/2016,2016,77,77OS0000,6.21_2,1157746721395,legal entity,fine (1000000),Mass media (mass_media_005),court,,A publishing house was fined for the online article “Plan B. A Lesbian Sex Masterclass” in Maxim magazine.,Издательство оштрафовано за онлайн-статью “План Би. Мастер-класс по сексу от лесбиянок” в журнале Maxim.
record_88c0e2e5,5-123/2016,2016,68,68MS0040,6.21_2,individual_0005,individual,fine (50000),Social media (social_media_004),court,,"A school teacher was prosecuted for images, quotes, and discussions related to same-sex relationships on her social media pages. ",
record_69eea6d4,5-6234/17,2017,55,55MS0082,6.21_2,individual_0008,individual,fine (25000),Social media (social_media_005),court,,"An individual was fined for posting images on his VKontakte social media page, which the court found to be “promoting non-traditional sexual relationships”. What the images depicted is unknown.",
record_aaf59334,5-612/2017,2017,63,63MS0017,6.21_2,individual_0007,individual,fine (50000),Social media (social_media_006); Social media (social_media_6137d469),mass media (https://web.archive.org/web/20260216223939/https://meduza.io/feature/2017/09/15/samarskuyu-aktivistku-sudyat-za-repost-statey-the-guardian-i-buzzfeed-ee-obvinyayut-v-gey-propagande); court,https://web.archive.org/web/20260416110541/https://meduza.io/feature/2017/09/15/samarskuyu-aktivistku-sudyat-za-repost-statey-the-guardian-i-buzzfeed-ee-obvinyayut-v-gey-propagande,An activist was prosecuted for reposting English-language mass media articles on her social media and publishing posts about the organisation “The Youth Coalition for Sexual and Reproductive Rights”. The authorities translated the articles into Russian using an online translation tool and concluded that they promoted “non-traditional sexual relations” among minors. The articles were “Ireland becomes first country to legalise gay marriage by popular vote” by The Guardian and “Russian LGBT Activists March In 'Rainbow May Day'” by BuzzFeed.,
record_a191fb7f,12-114/2018,2018,55,55RS0001,6.21_2,individual_0009,individual,fine (25000),Social media (social_media_007),court,,"A VKontakte user was fined for uploading photos of men with “well-developed muscles up to the waist” onto his page. According to the court, these images and text accompanying them promoted “non-traditional sexual relationships” among minors.",
record_2cde8aab,5-57/19,2019,78,78MS0061,6.21_1,individual_0010,individual,fine (4000),Protest (protest_002),court,,"A single protester was fined for “speaking slogans about freedom of non-traditional sexual relations”, while holding an “LGBT flag” and a banner near a school entrance.",
record_185f36a3,5-880/19,2019,77,77MS0370,6.21_1,individual_0011,individual,fine (4000),Protest (protest_003),court,https://web.archive.org/web/20260217041657/https://ovd.info/express-news/2019/03/31/v-moskve-zaderzhali-lgbt-aktivistku-s-plakatom-o-mezhdunarodnom-dne,"An activist held a single protest in the city centre, holding a banner that read, “Look at me. #TDOV — Transgender Day of Visibility.” In addition to the banner, the court recognised another “evidence” of the “promotion of the non-traditional sexual relations among minors”, which was rainbow-coloured knee socks the activist wore during the protest.",
record_478ac327,05-0563/6/2019,2019,16,16MS0062,6.21_2,individual_0108,individual,fine (50000),Social media (social_media_008),mass media (https://web.archive.org/web/20250505062708/https://ovd.info/express-news/2019/09/30/v-naberezhnykh-chelnakh-sud-oshtrafoval-byvshego-administratora-gruppy-gey); court (16MS0062-01-2019-002265-22),https://web.archive.org/web/20260731140000/https://www.svoboda.org/a/30205248.html,"An admin of a VKontakte page about gay dating was fined for “propaganda among minors of non-traditional sexual relations”. According to the mass media, the individual administered the VK page until 2010, and the content was posted to the page by its members. Other details of the case are unknown; the court did not publish the decision.",
record_47427112,5-262/2020-198,2020,78,78MS0198,6.21_2,individual_0078,individual,fine (25000),Social media (social_media_009),court (78MS0198-01-2020-001864-49),,"A moderator of a VKontakte page was fined, becasue the page “contained text, images, audio, and video […] prohibited for distribution among children, namely, information aimed at denying traditional spiritual, moral, and family values and promoting non-traditional sexual relations”, according to the court. The judicial expertise concluded: “the main theme of this webpage is the recognition of the normality and equivalence of sexual relations between a man and a man, in connection with which indirect signs of distorted ideas about the social equivalence of traditional and non-traditional sexual relations are present.” In court, the defendant explained that this VK page was about dating among homosexual people. The exact content that constituted the violation is unknown.",
record_2f4ec4de,5-830/20,2020,86,86MS0071,6.21_2,official_0005,official,fine (50000),"Film, Web content (577000)",court,https://web.archive.org/web/20251214010039/https://ura.news/news/1052421468,"The organiser of the “Spirit of Fire” film festival was fined for the textual description of the Russian film “Outlaw” (Ksenia Ratushnaya, 2020) on the festival website that read “A gay high school student and a young criminal are trying to win back the most popular guy in the school. An army general and a transgender dancer in 1985 put career and life on the line to be together.”",
record_5e7787b8,16-2896/2020,2020,27,25KJ0009,6.21_2,individual_0012,individual,fine (50000),Social media (social_media_010),court,https://web.archive.org/web/20260330144146/https://ovd.info/express-news/2019/11/29/v-komsomolske-na-amure-vozbudili-administrativnoe-delo-protiv-lgbt; https://web.archive.org/web/20260725225533/https://www.amnesty.org/en/latest/press-release/2019/12/russia-feminist-activist-fined-for-gay-propaganda-and-facing-criminal-pornography-charges/,"Yuliya Tsvetkova, an artist and activist from Komsomolsk-on-Amur, was fined for two social media posts expressing support for young subscribers of the VKontakte group “The Last Supper – LGBTQIAP+on-Amur” accompanied by images of cartoon cats coloured in queer flags. Yulia appealed the court decision twice, but the cassation court upheld the punishment.",
record_dcc5da08,12-396/2021,2021,23,23RS0031,6.21_2,individual_0014,individual,fine (50000),Social media (social_media_011),court,https://web.archive.org/web/20260607083927/https://meduza.io/en/news/2021/02/22/police-charge-navalny-activist-with-illegal-gay-propaganda-for-sharing-photos-of-kissing-couples; https://web.archive.org/web/20240530193817/https://novayagazeta.ru/articles/2021/03/30/razve-kogda-liudi-tseluiutsia-presleduiut-kakuiu-to-tsel-sud-v-krasnodare-oshtrafoval-aktivistku-na-50-tysiach-rublei-za-foto-tseluiushchikhsia-devushek,"Anastasia Panchenko, an activist and coordinator of Alexey Navalny's (a politician, Putin's ctitic) Krasnodar office, was fined for two Instagram photos of kissing couples that, according to the court, were “aimed at instilling non-traditional sexual attitudes in minors.” In one photo, a person is holding the banner “Love is stronger than fear”.",
record_98f3e28b,5-497/2021,2021,38,38RS0032,6.21_2,individual_0013,individual,fine (25000),Social media (social_media_012),court,,"A VKontakte user was fined for posting “We invite you to sign up for Irkutsk LGBT Chat group. We're looking for active kids. Ages 14+ [...]”, which the court found to be “promotion of non-traditional sexual relations” among minors.",
record_15e5d580,5-1881/21,2021,77,77RS0002,6.21_2,5087746427434,legal entity,fine (1000000),TV programme (BGacMPar8ms),court (77RS0002-02-2021-016468-07),https://web.archive.org/web/20260510063917/https://www.themoscowtimes.com/2021/06/09/russian-music-awards-probed-for-gay-propaganda-reports-a74156; https://web.archive.org/web/20260515101632/https://zona.media/article/2021/12/23/thetruthisoutthere,"The music channel “Muz‑TV” was fined after its 2021 awards show broadcast featured celebrities who, according to the court, “did not correspond to the image of a man of a traditional sexual orientation.” The court mentioned Filipp Kirkorov and Dava surrounded by shirtless men, Alexey Zhidkovsky “demonstrating traditional feminine characteristics”, and another person [Igor Sinyak] “in a women's evening dress with a train.”",
record_b356a703,5-2627/2022,2022,11,11RS0001,6.21_2,official_0006,official,fine (100000),Mass media (mass_media_006),court (11RS0001-01-2022-009735-53),,"The editor-in-chief of the online mass media “7×7 — Horizontal Russia” was fined for six publications from 2021. Based on the “psycho-linguistic” expert analysis, the court deemed the publications to be “promoting non-traditional sexual relationships”. It is unclear what exactly constituted the violation. The titles of the publications were redacted in the court decision. Based on the indicated time of the publications, we identified one of them, titled “‘This is some kind of cave-like savagery.’ An unidentified individual attacked LGBT activists with a spray can in the city centre of Yaroslavl” from 12.06.2021.",
record_b60c20c2,12-1327/2022,2022,77,77MS0271,6.21_2,individual_0015,individual,fine (120000),Social media (social_media_013),mass media (https://web.archive.org/web/20240813231026/https://www.dw.com/ru/urij-dud-ostrafovan-po-delu-o-gejpropagande-na-120-tysac-rublej/a-62441466); court (77MS0271-01-2022-002918-59),https://web.archive.org/web/20240813231026/https://www.dw.com/ru/urij-dud-ostrafovan-po-delu-o-gejpropagande-na-120-tysac-rublej/a-62441466; https://web.archive.org/web/20260217220151/https://www.voanews.com/a/russian-anti-war-journalist-fined-under-gay-propaganda-law/6655354.html,"Journalist Yuri Dud was fined for his interview with an artist, Fedor Pavlov-Andreevich, who spoke about homophobia in Russia during the interview. The court found that this interview “with an open homosexualist and activist who emigrated from Russia” promoted “non-traditional sexual relations among minors.”",
record_e11f1a0d,5-177/22,2022,77,77RS0032,6.21_1,official_0007,official,fine (),Social media (social_media_014),court (77RS0032-02-2022-000604-47),,"A school principal was fined for a banner dedicated to International Tolerance Day placed in the school hallway. The photo of this banner was published on Telegram, which led to an investigation. One of the pieces of evidence the court admitted was a “comprehensive psycho-cultural examination”, which found the banner made by students to contain “symbols of LGBD-community” and “signs of promotion of non-traditional sexual relations among minors.”",
record_8b566d88,5-315/22,2022,89,89RS0006,6.21_2,1067746062449,legal entity,fine (1000000),Book (book_001); Merchandise (merch_001); Merchandise (merch_002); Merchandise (merch_003),court (89RS0006-01-2022-000357-73),,"The online marketplace “Wildberries” was fined for several items “promoting non-traditional sexual relationships”: “2018 Calendar. Erotica-2”, the book “First Orgasm in My Life. From the ‘Diary of a Latent Lesbian’ series” by Olga Serebryanskaya, “30x40 painting on canvas on a wooden stretcher”, and “Flag/Rainbow Flag/Non-traditional Flag 90x150”. The court concluded that these items were “aimed at developing non-traditional sexual attitudes in minors” because they were sold without age restriction.",
record_9bb867bc,5-82/23,2023,77,77RS0023,6.21_7,individual_0033,individual,fine (); expulsion,Dating profile (dating_profile_001),court (77RS0023-02-2023-000440-62),,"A foreign national was fined and ordered to leave the country for posting a profile on a website for trans women escorts. According to the police protocol, the creator of the profile, “being a male, writes about himself in the feminine gender [...] publicly expressing his interest in the attractiveness of non-traditional relationships” by posting “information about the cost of intimate services, personal physiological data, and terms of service provision.”",
record_0fc20352,5-103/23,2023,77,77RS0023,6.21_7,individual_0031,individual,fine (); expulsion,Dating profile (dating_profile_002),court (77RS0023-02-2023-000637-53),,"A foreign national was fined and ordered to leave the country for posting a profile on a website for trans women escorts. The court decision stated that the profile was “aimed at developing non-traditional sexual relations” because its creator, “being a male, writes about himself in the feminine gender”, and “posts photos in a female guise with exposed female breasts and male genitalia (penis), with dark long hair and makeup.”",
record_bfd15862,5-141/23,2023,77,77RS0028,6.21_7,individual_0017,individual,detention (5); expulsion,"Dating profile, Social media (dating_profile_003)",court (77RS0028-02-2023-000634-88),,"A foreign national was detained and ordered to leave the country for posting a profile on the social media website “Drug Vokrug”. According to the court, the profile owner “being a male, posts photos of himself in a women's dress and a long-haired wig, and refers to himself in the feminine gender”, suggesting “intimate services for non-traditional relations”.",
record_7cc96737,5-210/23,2023,77,77RS0023,6.21_7,individual_0016,individual,fine (); expulsion,Dating profile (dating_profile_004),court (77RS0023-02-2023-002375-77),,"A foreign national was fined and ordered to leave the country for posting a profile on the trans women escort website. The court decision states that the profile was “aimed at developing non-traditional sexual relations” because its creator, “being a male, posts photos of himself in female guise, specifically in women's clothing (a skirt), with signs of female breasts, with long blond hair, makeup, and with exposed male genitalia (penis).”",
record_713fe4fd,5-72/2023,2023,41,41RS0002,6.21_7,individual_0027,individual,fine (150000); expulsion,Dating profile (dating_profile_005),court (41RS0002-01-2023-001386-63),https://web.archive.org/web/20230608120515/https://meduza.io/news/2023/05/03/grazhdanina-germanii-oshtrafovannogo-na-kamchatke-za-propagandu-lgbt-vydvorili-iz-rossii,"A German citizen was fined and ordered to leave the country for corresponding with a man on the gay dating app “Hornet”. The court found that the defendant's private messages “promoted non-traditional sexual attitudes, the attractiveness of non-traditional sexual relations, and a distorted idea of the social equivalence of traditional and non-traditional sexual relations”, and that the defendant “exerted ideological and psychological influence on [the message recipient], which led to the imposition of a system of ideas and values alien and destructive to Russian society.” The judge cited three messages the defendant sent to another “Hornet” user: “Being gay is allowed”; “It is simply sad that we have to separate people depending on what they do in bed… this should be a private matter”; “In the West, they are all so absorbed in themselves that they do not actually give their partner emotions and passion in bed.” The user with whom the defendant corresponded was a witness in this case, stating in his testimony that he responded to the defendant that “in Russia, LGBT is prohibited both morally and legally.”",
record_885a7488,5-480/2023,2023,16,16RS0046,6.21.2_4,individual_0035,individual,detention (7); expulsion,Social media (social_media_015); Social media (social_media_122); Social media (social_media_123); Social media (social_media_124); Social media (social_media_125); Social media (social_media_126); Social media (social_media_127); Social media (social_media_128); Social media (social_media_129); Social media (social_media_130); Social media (social_media_131); Social media (social_media_132); Social media (social_media_133); Social media (social_media_134); Social media (social_media_135); Social media (social_media_136); Social media (social_media_137); Social media (social_media_138); Social media (social_media_139),court (16RS0046-01-2023-003778-07),https://web.archive.org/web/20260727062659/https://holod.media/2023/04/13/gela-and-haoyang/; https://web.archive.org/web/20260207015518/https://www.out.com/news/gay-russian-tiktokers-arrested,"The creator of the YouTube channel “HAOYANG & GELA”, a Chinese national, was detained and then ordered to leave the country after the Ministry of Internal Affairs in Kazan established that 19 videos he uploaded “depicted non-traditional sexual relations.” The court described the videos showing two individuals “being male, they kiss each other, hug, touch each other on various parts of the body, including the genital area.” There are also several video titles mentioned in the case, such as “How do gay couples sleep? Kiss me all night long”, “We're back, a love story in the land of hate”, “Watch us recreate kissing scenes”, “I want to hold you while I sleep”, “Who knows me better, my boyfriend or my best friend?”, “Our first time, candid stories”, “Our favourite positions during...”, “25 Types of kissing with my boyfriend”. It is said that the police also “established that out of 64.9K subscribers [of the YouTube channel], 1,791 were minors”, so the judge argued that the videos promoted “non-traditional sexual relations” and “desire to change sex” among minors.","Создатель YouTube-канала «HAOYANG & GELA», гражданин Китая, был арестован на семь суток и затем выдворен из России после того, как МВД в Казани нашло 19 размещённых им видеороликов с “изображением нетрадиционных сексуальных отношений”. В судебном постановлении описываются видео, в которых пара, “будучи представителями мужского пола, они целуются друг с другом, обнимаются, трогают друг друга за различные части тела, в том числе в районе половых органов”. Суд также упомянул видеоролики с такими названиями: “Как спит гей пара? Целуй меня всю ночь”, “Мы вернулись, история любви в стране ненависти”, “Смотрите, как мы воссоздаем сцены поцелуев”, “Я хочу обнимать тебя во время сна”, “Кто знает меня лучше мой парень или лучший друг?”, “Наш первый раз, откровенные истории”, “Наши любимые позы во время..”, “25 видов поцелуев с моим парнем”. Согласно материалам дела, полиция установила, “что из 64,9 тысяч подписчиков [YouTube-канала] 1791 человек являются несовершеннолетними”, в связи с чем суд пришёл к выводу, что видеоролики пропагандировали среди несовершеннолетних “нетрадиционные сексуальные отношения” и были способны вызвать “желание сменить пол”."
record_9c38d609,5-173/23,2023,77,77MS0092,6.21_3,individual_0018,individual,fine (100000),Social media (social_media_016),court,,"An individual was fined for posting on a Telegram channel. The court stated that the user “being male, repeatedly posted photos and videos of himself in women's clothing and makeup, and videos of himself engaging in non-traditional sexual acts with another male”, which constituted the “promotion of non-traditional sexual relations and preferences or sex change.”",
record_49e4ef4f,5-310/23,2023,78,78RS0022,6.21_3,1069847102346,legal entity,fine (1000000),"Queer venue, Social media (queer_venue_002)",mass media (https://web.archive.org/web/20260606211954/https://www.rbc.ru/rbcfreenews/6441482a9a7947ce77f375bd?amp&amp#); court,https://web.archive.org/web/20230731003820/https://www.rbc.ru/rbcfreenews/6441482a9a7947ce77f375bd,"A Saint Petersburg company was fined for online advertisements in VKontakte. One ad was about the nightclub “Born”, “aimed primarily at recreation for people of non-traditional sexual orientation”, according to the court case. Another ad mentioned the gay sauna “Near the Circus”. One piece of evidence in the case was a report to the police by a man who saw the club's advertisement online and decided to visit. As he stated, he saw some rooms in the club that “shocked” him.",
record_883fb9e0,5-493/23,2023,78,78MS0059,6.21.2_2,1057747513680,legal entity,fine (1000000),Film (17203),court (78MS0059-01-2023-001617-57),https://web.archive.org/web/20260721090633/https://www.rbc.ru/technology_and_media/02/06/2023/647897c89a79475a7d3ef270,"The online streaming service “Tricolor Kino i TV Online” was fined for showing the film “Blow Dry” (2001, Paddy Breathnach) labelled “16+” with a 10-second scene (01:21:47-01:21:57) of “two same-sex characters (female) kissing in a sexual context”, which the court found to be the “demonstration of non-traditional sexual relationships to minors.”",
record_e6ee3bdb,5-497/2023,2023,23,23RS0031,6.21_8,individual_0022,individual,detention (1),Web content (web_content_001),court (23RS0031-01-2023-004674-73),,"A Ukrainian citizen was found guilty of “promoting non-traditional sexual relations and/or preferences or sex change” via the internet. The court did not specify the exact content that constituted the violation. As the judge reasoned, because the defendant was registered in one of the occupied Ukrainian regions, “he cannot be subject to deportation outside the Russian Federation”, so the defendant was arrested.",
record_2ec72a82,5-498/2023,2023,23,23RS0031,6.21_8,individual_0028,individual,detention (1); expulsion,Web content (web_content_002),court (23RS0031-01-2023-004676-67),,A Kyrgyzstan citizen was arrested for 24 hours and sentenced to an administrative expulsion for “promoting non-traditional sexual relations and/or preferences or sex change” via the internet.  The court did not specify the exact content that constituted the violation.,
record_c45ac685,5-0566/23,2023,77,77RS0019,6.21_3,individual_0034,individual,fine (100000),Social media (social_media_017),mass media (https://web.archive.org/web/20260516060422/https://zona.media/news/2023/04/30/dvorkin); court (77RS0019-02-2023-004950-33),https://web.archive.org/web/20260727000113/https://zona.media/news/2023/04/30/dvorkin,"Yan Dvorkin, head of the support centre for transgender and non-binary people, “Center-T”, was fined for a Telegram post announcing a marriage with such phrases as “So, gay marriages are here to stay!” and “Our insidious plan to legalise same-sex marriage was successful.” The court found Yan's post to be “promoting non-traditional sexual relationships” because the judicial expertise concluded that it presented relationships “not between a man and a woman” in a positive light and characterised such relationships as “natural”. The picture is a screenshot of the post mentioned in the court order.",
record_479f0774,5-553/23,2023,78,78MS0059,6.21.2_2,official_0016,official,fine (200000),Film (17203),court,,"The website editor of the streaming service “Tricolor Kino i TV Online” was fined for the film “Blow Dry” (2001, Paddy Breathnach) labelled “16+” with a 10-second scene (01:21:47-01:21:57) of “two same-sex characters (female) kissing in a sexual context”, which the court found to be “demonstrating non-traditional sexual relationships to minors.” The legal entity which owns the streaming service was also fined for the same film scene (case 5-493/23).",
record_5494bd00,05-0284/2023,2023,77,77RS0021,6.21.2_2,1167746480208,legal entity,warning,Music video (A-uU0hgRtQs); Music video (jrRImnlJRrw); Music video (ucVUEmjKsko); Music video (l84dWFgFnv4); Music video (tqWgMUcz570); Music video (vJIJdAgbGCU),court (77RS0021-02-2023-008895-23),,"The company “DotDTechnology”, which owns the TV channel “Clubbing TV”, was issued a warning for airing six music videos: “Muchas” by Myd feat. Cola Boyy (2018), “Smile” by Galantis (2013), “Ride It” by Regard (2019), “La Lueur” by Holism (2022), “Hold Me To The Light” by KAS:ST (2021), and “You Boy” by Arigato Massaï feat. Yanis (2020). According to the court, these videos “demonstrated non-traditional sexual relationships and preferences to minors” because they were labelled “16+”. The judge decided to replace a fine with a warning because it was the company's first-time administrative offence. However, later, the company was fined by the same court for airing other music videos (see case 05-0475/2023).",
record_1fb16368,5-60/2023,2023,54,54RS0010,6.21.2_2,1045402471157,legal entity,fine (1000000),Unclear (unclear_001),mass media (https://web.archive.org/web/20260426191111/https://www.kommersant.ru/doc/6095089?ysclid=mog4r08aix242500247); court (54MS0064-01-2023-000872-08),,"The legal entity “Inetra”, which owned the streaming service “Peers.TV”, was fined for “demonstration of materials containing LGBT scenes to minors”, according to mass media. The exact content that constituted the violation is unknown. An administrative protocol against the company was drawn up by Roskomnadzor, the Russian mass media regulator.",
record_e536ef9d,05-1040/2023,2023,77,77RS0016,6.21.2_2,1197746708917,legal entity,fine (4000000),Film (17203); Film (381341),court (77RS0016-02-2023-012145-44),,"The streaming service “PREMIER” was fined for the films “Perfect Strangers” (Paolo Genovese, 2016) and “Blow Dry” (2001, Paddy Breathnach). According to the court, these films “demonstrated non-traditional sexual relations and/or preferences” among minors, because they were labelled “16+”. Roskomnadzor, the Russian mass media regulator, identified eight scenes in the first film (00:58:46–00:59:09, 01:01:05–01:01:35, 01:01:36–01:03:50, 01:04:32–01:04:55, 01:05:56–01:06:35, 01:17:24–01:17:29, 01:17:40–01:20:40, 01:22:10–01:22:21) “demonstrating (or describing) homosexual relations between men, as well as references to homosexual relationships.” In the film “Blow Dry”, Roskomnadzor found the scene (01:21:45-01:22:01) with “two characters of the same sex (female) kissing in a sexual context.”",
record_ecee4623,5-1221/23,2023,77,77MS0379,6.21.2_2,official_0009,official,fine (200000),Music video (music_video_002),court,,"The editor-in-chief of “Clubbing TV” was fined for airing several music videos labelled “16+.” According to Roskomnadzor, the Russian mass media regulator, these videos “demonstrated non-traditional sexual relations and (or) preferences, including descriptions, depictions of non-traditional sexual relations and (or) preferences, or capable of causing a desire in minors to change sex, using mass media.” The court did not specify which videos or scenes violated the law.",
record_8117bac8,05-1133/2023,2023,77,77RS0023,6.21.2_2,1117746765311,legal entity,fine (500000),TV series (94115),mass media (https://web.archive.org/web/20260516060357/https://zona.media/news/2023/05/26/made-in-italy#); court (77RS0023-02-2023-010222-10),https://web.archive.org/web/20260718060315/https://zona.media/news/2023/05/26/made-in-italy,"The film distribution company “Russian Report” was fined for airing the TV series “Made in Italy” (Camilla Nesbitt, 2019) on the “KinoLiving” TV channel with the label “16+”. Roskomnadzor, the Russian mass media regulator, found that the fifth episode of the TV series “contained information (visual) consistent with the signs of demonstrating non-traditional sexual relations and/or preferences, [...] conveyed through verbal and visual components: the address ‘honey’ [...] and displyas of a kiss and hug”, which, according to the court, is prohibited to distribute among minors.",
record_8bc545c3,05-0963/2023,2023,77,77RS0032,6.21.2_2,1177746679175,legal entity,fine (3800000),Film (381341),mass media (https://web.archive.org/web/20250812141212/https://rg.ru/2023/06/29/sud-oshtrafoval-na-38-mln-rublej-onlajn-kinoteatr-za-propagandu-lgbt.html#); court (77RS0032-02-2023-009444-24),,"The streaming platform “Start.ru” was fined for distributing “Perfect Strangers” (2016, Paolo Genovese). The court held that the film contained depictions and verbal references to same-sex relations between men, including scenes in which one character’s male partner sends intimate messages and the group discusses his sexual orientation. As stated in the ruling, the platform had allowed minors to access content containing “scenes demonstrating (describing) homosexual relations between men, as well as references to homosexual relations,” including dialogue such as: “If my best friend is gay, I want to know it … then I will decide myself how to relate to it.” The scenes identified by the court: 00:58:46–00:59:09 — The court highlighted a phone conversation in which a male caller confronts another male character about emotional intimacy, interpreting it as an explicit reference to same-sex desire: “Why did you leave? … You still cannot decide who you like: men or women.”; 01:01:36–01:03:50 — The ruling focused on a group discussion where friends react to the presumed homosexuality of one of the men, including statements about disclosure, friendship, and social acceptance: “If my best friend is gay, I want to know it … then I will decide myself how to relate to it.”; 01:17:40–01:20:40 — The court separately analysed the later confession scene in which one character openly identifies himself as gay and reflects on fear of disclosure: “The truth is, the faggot is me … How could I even tell you that I am gay?”",
record_8a7092d2,5-0622/2023,2023,77,77RS0027,6.21.2_2,1027809169585,legal entity,fine (1000000),Film (17203); Film (9801); Film (201765); Film (567598),mass media (https://web.archive.org/web/20260211103316/https://www.vedomosti.ru/society/news/2023/06/29/982968-oshtrafoval-start-megafon-za-nevernuyu-markirovku#); court (77RS0027-02-2023-008285-80),,"The legal entity which owns the streaming service “Megafon TV” was fined for the films “Bridget Jones: The Edge of Reason” (Beeban Kidron, 2004), “Blow Dry” (2001, Paddy Breathnach), “Three Many Weddings” (Javier Ruiz Caldera, 2013), and “Greed” (Michael Winterbottom, 2019). According to the court, these films “demonstrated non-traditional sexual relations and/or preferences” among minors, because they were labelled “16+”. It is not specified what scenes exactly constituted the violation.",
record_205ff6a3,05-1459/2023,2023,77,77RS0007,6.21.2_2,1077759854919,legal entity,fine (1000000),Film (17203); Film (9801); Film (37735); Film (201765); Film (381341); Film (490132); Film (517148); Film (567598); Film (588182); Film (film_001),court (77RS0007-02-2023-009631-12),,"The streaming service “Kinopoisk” was fined for distributing ten films: “Perfect Strangers” (Paolo Genovese, 2016), “Bridget Jones: The Edge of Reason” (Beeban Kidron, 2004), “Three Many Weddings” (Javier Ruiz Caldera, 2013), “Easy A” (Will Gluck, 2010), “Blow Dry” (Paddy Breathnach, 2001), “Compartment No. 6” (Juho Kuosmanen, 2021), “Greed” (Michael Winterbottom, 2019), “Green Book” (Peter Farrelly, 2018), “The Amusement Park” (the title translated from Russian, the exact film is unknown), and “Beanpole” (Kantemir Balagov, 2019). According to the court, these films “demonstrated non-traditional sexual relations and/or preferences to minors” and should have been marked “18+” instead of “16+”. The court did not specify the exact scenes in these movies that constituted the violation.",
record_e45b5392,5-628/23,2023,77,77MS0411,6.21.2_2,official_0025,official,fine (200000),Film (43593),court,,"The editor-in-chief of the TV channel “TV-3 Russia” was fined for airing the film “Piranha 3D” (Alexandre Aja, 2010) twice with the label “16+”. Roskomnadzor, the Russian mass media regulator, identified two scenes in the film “demonstrating non-traditional sexual relations” among minors: “a girl licking salt off another girl’s body and a prolonged kiss expressing sexual passion (timestamps 00:51:10–00:51:28 and 00:55:21–00:55:39).”",
record_337bf969,05-0771/2023,2023,77,77RS0019,6.21.2_2,1077758948112,legal entity,fine (1000000),Film (381341),social media (https://web.archive.org/web/20260219093901/https://t.me/moscowcourts/1678#); court (77RS0019-02-2023-007302-58),https://web.archive.org/web/20260721004152/https://zona.media/news/2023/07/13/ivi,"The company that owns the streaming service “Ivi” was fined for the film “Perfect Strangers” (Paolo Genovese, 2016), labelled “16+”, because it “demonstrated non-traditional sexual relations and/or preferences.” It is not specified which scenes exactly constituted the violation.",
record_a27b84e4,05-1391/2023,2023,77,77RS0002,6.21.2_2,1047796736591,legal entity,fine (1000000),Music video (X-58JhHUWQ4),mass media (https://web.archive.org/web/20260606212542/https://www.forbes.ru/forbeslife/492688-kompaniu-vladel-ca-tnt-music-ostrafovali-na-1-mln-rublej-za-lgbt-demonstraciu?ysclid=mm3reifosv357549558); court (77RS0002-02-2023-009875-30),https://web.archive.org/web/20230718232112/https://www.forbes.ru/forbeslife/492688-kompaniu-vladel-ca-tnt-music-ostrafovali-na-1-mln-rublej-za-lgbt-demonstraciu,"The legal entity “FONBET TV”, which owns the music TV channel “TNT Music”, was fined for airing the music video “Summer Really Hurt Us” (2022) by ALMA, labelled “16+”. According to the court, the video contained “information depicting non-traditional sexual relationships and/or preferences that is prohibited for distribution to children.” The scene that violated the law was “an image of two individuals of the same biological sex (female) kissing.”",
record_4f35a8c4,05-0835/2023,2023,77,77RS0019,6.21.2_2,1087746540705,legal entity,fine (),Film (273169),court (77RS0019-02-2023-007510-16),https://web.archive.org/web/20260721090633/https://zona.media/news/2023/06/26/eurokino,"The TV channel “Eurokino” was fined for broadcasting “French Women” (2014, Audrey Dana). The court found that the film contained material classified as “demonstrating non-traditional sexual relations and preferences”. According to the ruling, the broadcaster had committed “the dissemination among minors of information demonstrating non-traditional sexual relations and (or) preferences, including description and depiction of non-traditional sexual relations and (or) preferences.” The amount of the fine has been redacted from the court ruling.",
record_a1652f6a,5-235/2023,2023,59,59RS0002,6.21.2_2,1065902028620,legal entity,fine (1500000),Film (381341); Film (570657),court,,"The company “ER–Telecom Holding”, which owns the streaming service “Movix”, was fined for distributing the films “Perfect Strangers” (Paolo Genovese, 2016) and “Loud Connection” (Alexey Nuzhnyy, 2019), labelled “16+”. Experts from Roskomnadzor, the Russian mass media regulator, concluded that these films contained “violations on the LGBT theme with the demonstration of non-traditional sexual relations”, and that “the [films'] recipient's attention is directed to the fact of the existence of non-traditional sexual relations.” The court mentioned these scenes that consituted the violation from the first film: 00:58:46-00:59:09, 01:01:05-01:01:35, 01:01:36-01:03:50, 01:04:32-01:04:55, 01:05:56-01:06:35, 01:17:24-01:17:29, 01:17:40-01:20:40, 01:22:10-01:22:21. In the second film, such scenes were 01:02:59-01:04:53, 01:05:22-01:05:3, and 01:07:37-01:07:43. There are no details about what exactly experts found in these scenes.",
record_5ce91e52,05-1225/2023,2023,77,77RS0016,6.21.2_2,1097746597046,legal entity,fine (4000000),Film (43593),mass media (https://web.archive.org/web/20260428182653/https://telesputnik.ru/materials/content/news/telekanal-tv-3-obzhaloval-krupnyy-shtraf-za-lgbt-kontent?ysclid=moiyhq6agz776661634); court (77RS0016-02-2023-014384-20),,"The TV channel “TV-3” was fined for broadcasting “Piranha 3D” (2010, Alexandre Aja). The court found that the film contained scenes interpreted as “demonstrating non-traditional sexual relations” between women. In particular, the ruling referred to scenes involving “sensual interaction between two persons of the same biological sex (female),” including one woman licking salt from another woman’s body and “a prolonged kiss expressing sexual passion.” The editor-in-chief of this TV channel was also fined for the same film (see case 5-628/23)",
record_08799870,5-65/23,2023,23,23RS0018,6.21_3,individual_0025,individual,fine (100000),Social media (social_media_018),court (23RS0018-01-2023-000768-64),,"A VKontakte user was fined for posting “a video promoting non-traditional sexual relations, as well as a short film about non-traditional relationships.” The exact posts and videos are unknown.",
record_0dfd46d0,5-940/23,2023,77,77MS0196,6.21.2_2,official_0028,official,fine (200000),Film (17203); Film (201765),court,,"The deputy general director of the company “M3” was fined for distributing two films on the company's streaming service “More.tv”, labelled “16+”: “Three Many Weddings” (Javier Ruiz Caldera, 2013) and “Blow Dry” (Paddy Breathnach, 2001). In both films, experts from Roskomnadzor, the Russian mass media regulator, found  scenes “demonstrating non-traditional sexual relations” among minors. In the first film, these scenes include the appearance of a transgender character and dialogs about transition (the exact time codes are 00:56:57-00:58:20, 00:58:21-00:58:52, 01:00:12-01:01:33, 01:01:34-01:02:10, 01:02:11-01:03:29, 01:04:14-01:04:22, 01:06:19-01:06:34, 01:10:32-01:11:00). In the second, there was one scene (01:21:47-01:21:57), in which “two characters of the same sex (female) kissing in a sexual context.”",
record_ebed1283,5-840/23,2023,78,78MS0059,6.21_3,official_0015,official,fine (200000),Film (901908),court,,"The editor-in-chief of the streaming service “Tricolor Kino i TV Online” was fined for the film “The Key Game” (Vicente Villanueva, 2022). Roskomnadzor, the Russian mass media regulator, identified ten scenes constituting the violation: “two girls, feigning passion, hint at the permissibility of sexual interaction between members of the same biological sex” (00:22:59-00:25:45); “a dialogue indicating the non-traditional sexual preferences of one of the characters” (00:44:35-00:45:40); “a dialogue touching on non-traditional sexual preferences and the feelings of one man for another” (00:56:25-00:58:16); “a scene showing the male characters walking in a park [...] confessing their feelings to each other” (01:01:37-01:02:25); “a scene that reveals a connection and love between two men” (01:04:08-01:04:49); “kissing male characters (01:28:20-01:28:46); “sexual interaction between two men” (01:28:49-01:29:09); “a scene of sexual intercourse between two men” (01:31:05-01:31:18); “scenes of simulated sexual intercourse” (01:28:11-01:29:38, 01:31:17-01:33:36); “a scene of a marriage between representatives of the same biological sex, two women and two men” (01:38:10-01:41:47).",
record_49a11bc6,5-598/23,2023,77,77MS0359,6.21.2_2,official_0033,official,fine (100000),Music video (music_video_003),court,,"The editor-in-chief of the TV channel “Fon Music” was fined for airing a music video 698 times, which “contained information demonstrating non-traditional sexual relations,” expressed in a scene of “kissing between two persons of the same biological sex (female)”. The exact video is unknown.",
record_61963161,5-1057/2023,2023,16,16RS0042,6.21_3,individual_0036,individual,fine (),Unclear (unclear_002),social media (https://web.archive.org/web/20260606210217/https://t.me/s/ostorozhno_novosti/20458); court (16RS0042-02-2023-002733-0),,"The details of this case against an individual are unknown. The court did not publish the decision. According to the mass media, this individual was also prosecuted for “participation in an extremist organisation, because he was an admin of anti-war Telegram channels”.",
record_2a2aac89,5-228/23,2023,13,13MS0007,6.21_1,individual_0021,individual,fine (50000),Social media (social_media_019),court,,"A VKontakte user was fined for posting “photos and closed groups promoting non-traditional sexual relations, making them available for viewing by a wide range of people.” The court did not specify what content exactly constituted the violation.",
record_f7f20549,5-641/23,2023,77,77MS0411,6.21.2_2,official_0029,official,fine (200000),Film (17203); Film (381341),court,,"The deputy director general of the streaming service “PREMIER” was fined for the films “Perfect Strangers” (Paolo Genovese, 2016) and “Blow Dry” (2001, Paddy Breathnach). According to the court, these films “demonstrated non-traditional sexual relations and/or preferences” among minors, because they were labelled “16+”. Roskomnadzor, the Russian mass media regulator, identified eight scenes in the first film (00:58:46–00:59:09, 01:01:05–01:01:35, 01:01:36–01:03:50, 01:04:32–01:04:55, 01:05:56–01:06:35, 01:17:24–01:17:29, 01:17:40–01:20:40, 01:22:10–01:22:21) “demonstrating (or describing) homosexual relations between men, as well as references to homosexual relationships.” In the film “Blow Dry”, Roskomnadzor found the scene (01:21:45-01:22:01) with “two characters of the same sex (female) kissing in a sexual context.” Earlier, the company, which owns the streaming service, was fined for the same content (see case 05-1040/2023).",
record_a250fa50,5-575/23,2023,77,77MS0389,6.21.2_2,official_0014,official,fine (200000),Film (film_002); Film (film_003); Film (film_004); Film (film_005); Film (film_006),court,,The executive of the streaming service “Megafon TV” was fined for showing five films that contained scenes with “two same-sex characters kissing in a sexual context”. The titles of the films were redacted in the court case. ,
record_6ac106d9,5-893/23,2023,78,78RS0022,6.21.2_2,1027700198767,legal entity,fine (1000000),Film (586707); Film (film_007); Film (film_008); Film (film_009),court (78RS0022-01-2023-005596-95),,"The company “Rostelecom”, a digital services provider, was fined for distributing four films on its streaming platform “Wink” with the age restriction label “16+”. According to the court, these films contained “information demonstrating non-traditional sexual relations and/or preferences.” One of the mentioned films is the sci-fi thriller “Life Like” (Josh Janowicz, 2019). Other titles were redacted in the court decision. It is not specified what scenes exactly constituted the violation.",
record_867c80a6,5-936/23,2023,77,77MS0101,6.21.2_2,official_0021,official,fine (200000),Film (17203); Film (9801); Film (37735); Film (201765); Film (381341); Film (490132); Film (517148); Film (567598); Film (588182); Film (film_001),mass media (https://web.archive.org/web/20260606212812/https://www.forbes.ru/society/493891-gendirektora-andeksa-ostrafovali-za-pokaz-na-kinopoiske-fil-mov-s-lgbt?ysclid=mko5pxwvev594390843#); court,https://web.archive.org/web/20230805063756/https://www.forbes.ru/society/493891-gendirektora-andeksa-ostrafovali-za-pokaz-na-kinopoiske-fil-mov-s-lgbt,"The “Yandex” CEO Artem Savinovsky was fined for distributing ten films on the company's streaming service “Kinopoisk”: “Perfect Strangers” (Paolo Genovese, 2016), “Bridget Jones: The Edge of Reason” (Beeban Kidron, 2004), “Three Many Weddings” (Javier Ruiz Caldera, 2013), “Easy A” (Will Gluck, 2010), “Blow Dry” (Paddy Breathnach, 2001), “Compartment No. 6” (Juho Kuosmanen, 2021), “Greed” (Michael Winterbottom, 2019), “Green Book” (Peter Farrelly, 2018), “The Amusement Park” (the title translated from Russian, the exact film is unknown), and “Beanpole” (Kantemir Balagov, 2019). According to the court, these films “demonstrated non-traditional sexual relations and/or preferences” and should have been marked “18+” instead of “16+”. The court did not specify the exact scenes in these movies that constituted the violation. The company which owns the streaming service was fined earlier for the same titles (see case 05-1459/2023). This CEO was previously fined by the same court for four other titles (case 5-1020/23). ",
record_14d43d58,5-1477/2023,2023,78,78RS0019,6.21.2_2,1167847381130,legal entity,fine (1000000),Film (17203); Film (9428); Film (1966); Film (9801); Film (44214); Film (37735); Film (201765); Film (246860); Film (205596); Film (381341); Film (523773); Film (426613); Film (340102); Film (666622); Film (680590); Film (970685),social media (https://web.archive.org/web/20260217222936/https://t.me/SPbGS/14948); social media (https://web.archive.org/web/20260217075507/https://t.me/SPbGS/15194); court (78RS0019-01-2023-008320-36),https://web.archive.org/web/20251012182926/https://www.kommersant.ru/doc/6146558,"The online streaming platform “Okko” was fined for 16 films. According to the Head of the St. Petersburg courts press office, the court found “bad things” in the following films: “The Miseducation of Cameron Post” (Desiree Akhavan, 2018), “Bridget Jones: The Edge of Reason” (Beeban Kidron, 2004), “Perfect Strangers” (Paolo Genovese, 2016), “Three Many Weddings” (Javier Ruiz Caldera, 2013), “Black Swan” (Darren Aronofsky, 2010), “The New Mutants” (Josh Boone, 2020), “Blow Dry” (Paddy Breathnach, 2001), “Easy A” (Will Gluck, 2010), “Zwanger & Co” (Johan Nijenhuis, 2022), “Clouds of Sils Maria” (Olivier Assayas, 2014), “Breaking Up in Rome” (Edoardo Leo, 2021), “The Imitation Game” (Morten Tyldum, 2014), “Little Italy” (Donald Petrie, 2018), “Alexander” (Oliver Stone, 2004), “Love Is Love Is Love” (Eleanor Coppola, 2021), and “The Royal Tenenbaums” (Wes Anderson, 2001). It is unknown what scenes exactly in these films constituted the violation.",
record_1f2ef8ef,5-1406/23,2023,77,77MS0098,6.21.2_2,official_0019,official,fine (200000),Film (381341),court,https://web.archive.org/web/20260515050921/https://zona.media/news/2023/07/14/ivi-2,"The court fined the deputy general director for content on the streaming service “Ivi” for the film “Perfect Strangers” (Paolo Genovese, 2016). According to Roskomnadzor, the Russian mass media regulator, the film “demonstrated non-traditional sexual relations and/or preferences” among minors, because it was labelled “16+”. It is not specified which scenes exactly constituted the violation. The company which owns the streaming service was also fined for the same film (case 05-0771/2023).",
record_40631d05,05-0583/2023,2023,77,77RS0013,6.21.2_2,1187746527099,legal entity,fine (2000000),Film (17203); Film (201765),mass media (https://web.archive.org/web/20260515051055/https://zona.media/news/2023/08/11/nmg#); court (77RS0013-02-2023-006746-07),,"The company “M3”, which owns the streaming service “More.tv”, was fined for two films: “Three Many Weddings” (Javier Ruiz Caldera, 2013) and “Blow Dry” (Paddy Breathnach, 2001), both labelled “16+”. According to the court, these films “demonstrated non-traditional sexual relations and/or preferences” among minors. The experts from Roskomnadzor, the Russian mass media regulator, found eight scenes with such demonstration in the first title (the exact time codes are 00:56:57-00:58:20, 00:58:21-00:58:52, 01:00:12-01:01:33, 01:01:34-01:02:10, 01:02:11-01:03:29, 01:04:14-01:04:22, 01:06:19-01:06:34, 01:10:32-01:11:00). In the second title, the experts identified one scene (01:21:47-01:21:57), in which “two characters of the same sex (female) kissing in a sexual context.” The deputy general director of the company was also fined for the same content (see case 5-940/23).",
record_5b4f74a4,05-1409/2023,2023,77,77OS0000; 77RS0023,6.21.2_2,1027700166636,legal entity,fine (1000000),Film (17203); Film (37735); Film (381341),court (77RS0023-02-2023-012530-70); court (77RS0023-02-2023-012530-70),https://web.archive.org/web/20260214014046/https://www.vedomosti.ru/society/news/2023/08/10/989433-sud-oshtrafoval-vimpelkom-za-filmi-s-lgbt,"The company “VimpelCom”, which owns the streaming service “Beeline TV”, was fined for three films: “Perfect Strangers” (Paolo Genovese, 2016), “Blow Dry” (Paddy Breathnach, 2001), and “Easy A” (Will Gluck, 2010), all labelled “16+”. According to the judicial expertise, in “Perfect Strangers”, there are “scenes demonstrating (describing) homosexual relations between men, as well as mentions of homosexual relations”, although the exact scenes are not specified. In “Blow Dry”, the experts found the scene with the time code 01:21:45-01:22:01, in which “two characters of the same sex (female) are depicted kissing in a sexual context.” In “Easy A”, the scene 01:23:17-01:23:33 “depicted non-traditional sexual relations (of men), as well as multiple references to a representative of non-traditional sexual orientation.”",
record_1bbda48a,05-0915/2023,2023,77,77RS0027,6.21.2_2,1027809169585,legal entity,fine (1000000),Film (680590),mass media (https://web.archive.org/web/20250124213545/https://www.vedomosti.ru/society/news/2023/08/14/990013-sud-oshtrafoval-megafon#); court (77RS0027-02-2023-011510-08),https://web.archive.org/web/20250124213545/https://www.vedomosti.ru/society/news/2023/08/14/990013-sud-oshtrafoval-megafon,"The company, which owns the streaming service “Megafon TV”, was fined for the film “Love Is Love Is Love” (Eleanor Coppola, 2021), labelled “16+”. According to the court, the film “contained information demonstrating non-traditional sexual relations and/or preferences, which is prohibited for distribution among children.” It is not specified which scenes exactly constituted the violation.",
record_fb65097d,5-248/23,2023,91,91MS0018,6.21_3,individual_0020,individual,fine (50000),Social media (social_media_021),court,,"A VKontakte user was fined for posting the song “Love Me Everywhere” accompanied by the illustration of two men kissing. According to the judicial expertise, both the song and the illustration “promote non-traditional sexual relations.”",
record_b0527018,5-920/2023,2023,77,77RS0027,6.21_3,individual_0024,individual,fine (200000),Social media (social_media_020),mass media (https://web.archive.org/web/20260606213046/https://theins.ru/news/264234); court (77RS0027-02-2023-011616-78),https://web.archive.org/web/20260606213046/https://theins.ru/news/264234; https://web.archive.org/web/20240614131240/https://www.attitude.co.uk/news/russia-fines-transgender-blogger-for-lgbt-propaganda-443993/,"The blogger and creator of the Telegram channel “PETROVA” was fined for posts “containing propaganda of sex change, non-traditional sexual relationships and preferences”. The exact posts are not specified. The police drew attention to this case after “The Safe Internet League”, a state-financed nonprofit, brought the blogger's posts to the Prosecutor General's Office.",
record_eba38c47,5-633/23,2023,77,77MS0389,6.21.2_2,official_0014,official,fine (200000),Film (680590),court,,"The executive of the streaming service “Megafon TV” was fined for the film “Love Is Love Is Love” (Eleanor Coppola, 2021), because it “demonstrated non-traditional sexual relations on the timestamp 01:14:50-01:15:10”, namely the “messages about a same-sex wedding and the display of images of two women, accompanied by the words 'my picture, with my wife and our son'.” The company, which owns the streaming service, was also fined for the same title (see case 05-0915/2023).",
record_4c928da2,05-1608/2023,2023,77,77RS0007,6.21.2_2,1077759854919,legal entity,fine (1000000),Film (246860); Film (666622),court (77RS0007-02-2023-011323-77),,"The streaming service “Kinopoisk” was fined for two films available to minors, because they “demonstrated non-traditional sexual relations or preferences”, according to the court. These films were “Breaking Up in Rome” (2021, Edoardo Leo) and “Clouds of Sils Maria” (2014, Olivier Assayas). The exact scenes are unclear.",
record_6914d2dc,05-1607/2023,2023,77,77RS0007,6.21.2_2,1077759854919,legal entity,fine (1000000),Film (10763); Film (1966); Film (523773); Film (680590),court (77RS0007-02-2023-011322-80),,"The streaming service “Kinopoisk” was fined for four films “Dr. T & the Women” (2000, Robert Altman), “Little Italy” (2018, Donald Petrie), “Alexander” (2004, Oliver Stone), and “Love Is Love Is Love” (2020, Eleanor Coppola). According to the court, these films “demonstrated non-traditional sexual relations or preferences” to minors. The exact scenes are unclear.",
record_698251c6,12-780/2023,2023,52,52RS0005,6.21_1,individual_0023,individual,fine (50000),Social media (social_media_022),mass media (https://web.archive.org/web/20230807211741/https://www.24liveblog.com/live/UVydX?n=3377198018152419462); court,,"An individual was fined for “statements [...] aimed at developing non-traditional sexual attitudes, the attractiveness of non-traditional sexual relationships and preferences, sex change, a distorted idea of the social equivalence of traditional and non-traditional sexual relationships and preferences, arousing interest in such relationships and preferences, and sex change.” The court redacted the exact content that constituted the violation. In the evidence list, there was a screenshot of the correspondence in a messenger app mentioned. However, the exact messages are unknown. According to the mass media, this case was against a trans woman, who was fined after her classmates complained about the fact that she supported Ukraine and LGBTQ+ rights.",
record_921003b3,5-1024/2023,2023,77,77RS0024,6.21_4,1097746038741,legal entity,fine (),TV programme (tv_programme_001),court,https://web.archive.org/web/20251012082657/https://telesputnik.ru/materials/content/news/tema-rus-osporit-shtraf-za-lgbt-kontent,"The TV channel “My Zen TV” aired an episode of the programme “Love in the city” about Mexico, which included an interview with a choreographer and founder of the dance troupe “La Cebra Danza Gay” who said: “It doesn't matter if you're gay, bisexual, transgender, or a cross-dresser. People fall in love no matter their preferences. Love is free.” According to the court, these and other fragments of the interview constituted the “promotion of non-traditional sexual relationships” among minors.",
record_4675eea2,05-1569/2023,2023,77,77RS0023,6.21.2_2,1027700166636,legal entity,fine (1000000),Film (523773),mass media (https://web.archive.org/web/20240112143841/https://ria.ru/20230816/lgbt-1890350109.html#); court (77RS0023-02-2023-014244-69),,"The company “VimpelCom”, which owns the streaming service “Beeline TV”, was fined for the film “Little Italy” (Donald Petrie, 2018), labelled “16+”. According to the court, the film “contains information demonstrating non-traditional sexual relations and/or preferences, which is prohibited for distribution among children, namely scenes demonstrating (describing) homosexual relations between men, as well as mentions of homosexual relations.” The description of the exact scenes was redacted in the court decision.",
record_641315d5,5-1020/23,2023,77,77MS0101,6.21.2_2,official_0021,official,fine (200000),Film (10763); Film (1966); Film (523773); Film (680590),mass media (https://web.archive.org/web/20260316212156/https://www.vedomosti.ru/society/news/2023/08/17/990608-gendirektora-yandeksa-snova-oshtrafovali#); court,,"The “Yandex” CEO Artem Savinovsky was fined because the company's streaming service “Kinopoisk” showed such films as “Dr. T & the Women” (Robert Altman, 2000), “Little Italy” (Donald Petrie, 2018), “Alexander” (Oliver Stone, 2004), and “Love Is Love Is Love” (Eleanor Coppola, 2021) with the age restriction label “16+”. According to the court, these films “demonstrated non-traditional sexual relations and/or preferences” and should have been marked “18+”. The court did not specify the exact scenes in these movies that constituted the violation. ",
record_d0202e0c,5-1242/2023,2023,78,78RS0014,6.21_3,1057747513680,legal entity,fine (1000000),Film (901908),court (78RS0014-01-2023-007214-30),,"The online streaming service “Tricolor Kino i TV Online” was fined for the film “The Key Game” (Vicente Villanueva, 2022). Roskomnadzor, the Russian mass media regulator, carried out the judicial expertise of the film, analysing the characters, scenes, and dialogues. The experts concluded that “homosexual relationships are presented [in the film] not only as a common occurrence, but also as one of the possible ways to overcome a relationship crisis”, which served as proof of the “promotion of non-traditional sexual relations”.",
record_95ce77bb,12-413/2023,2023,23,23RS0036,6.21_4,individual_0030,individual,fine (200000),Social media (social_media_023); Social media (social_media_1d28a16e); Social media (social_media_d60550b7),mass media (https://web.archive.org/web/20260211185422/https://novayagazeta.eu/articles/2023/08/03/v-krasnodare-devushku-oshtrafovali-za-nadpis-sex-is-cool-but-putin-s-death-better-news); court (23RS0036-01-2023-005783-70),https://web.archive.org/web/20260719054809/https://spherequeer.org/kras-court/,"An individual was fined for Instagram posts, which the court found to be “deviant in nature, since the publications are published for an unlimited number of people and differ from generally accepted and established norms of behavior in ordinary society, promoting non-traditional sexual relations, including among minors.” Among the pieces of evidence are “comments on the new bill banning LGBT propaganda in the Russian Federation”, the image of “a tattoo of a dog with a rainbow flag (pride flag) with the inscription ‘gay dog’”, and “a publication with an image of the country's top officials with the inscription on the rainbow flag (pride flag) in English ‘GAY FRIENDLY BAR. MAKE SEX NOT WAR’.”  The court also mentioned that there were publications “discrediting the Russian army” (a separate administrative offence, Article 20.3.3). As the defendant shared with the media, two police officers came to her home following a complaint filed against her and asked her to show the tattoo on her shoulder, which depicted a dog wearing a rainbow scarf.","Пользовательница Инстаграма была оштрафована за несколько публикаций. По мнению суда, они носили “девиантный характер, так как публикации опубликованы для неограниченного круга лиц и отличаются от общепринятых и устоявшихся норм поведения в обычном обществе, что пропагандируют нетрадиционные сексуальные отношения, в том числе среди несовершеннолетних.” Суд упомянул такие публикации: комментарии к “новому законопроекту о запрете пропаганды ЛГБТ на территории РФ”, фото татуировки “в виде изображения собаки с радужным флагом (прайд-флаг) с надписью 'собака-гей'” и “публикация с изображением первых лиц государства с [...] надписью на радужным флаге (прайд-флаг) на английском языке 'GAY FRIENDLY BAR. MAKE SEX NOT WAR'.” Суд также упомнул, что “были выявлены публикации, явно дискредитирующие ВС РФ при проведении СВО на территории Республики Украины” (это отдельная статья КоАП, 20.3.3). Как сообщили СМИ, к женщине приходили два сотрудника полиции и просили показать татуировку на ее плече, на которой была изображена собака в радужном шарфе."
record_701a17bc,05-0902/2023,2023,77,77RS0019,6.21.2_2,1077758948112,legal entity,fine (1000000),Film (10763); Film (55347); Film (523773); Film (680590),mass media (https://web.archive.org/web/20260217033457/https://www.vedomosti.ru/society/news/2023/08/29/992450-sud-snova-oshtrafoval-ivi); court (77RS0019-02-2023-008368-61),https://web.archive.org/web/20260715012702/https://www.vedomosti.ru/society/news/2023/08/29/992450-sud-snova-oshtrafoval-ivi,"The company that owns the streaming service “Ivi” was fined for the films “Little Italy” (Donald Petrie, 2018), “Dr. T & the Women” (Robert Altman, 2000), “Love Is Love Is Love” (Eleanor Coppola, 2021), and “Beginners” (Mike Mills, 2011), all labelled “16+”. The court found that these films “contained information demonstrating non-traditional sexual relations and/or preferences, which is prohibited for distribution among children.” It is not specified which scenes exactly constituted the violation.",
record_3a4eb963,05-4573/2023,2023,77,77RS0026,6.21.2_2,official_0013,official,fine (200000),Film (17203); Film (167032); Film (157353); Film (586707),court (77RS0026-02-2023-011386-45),,"The director of content policy at “Rostelecom” was held administratively liable after regulators found that films distributed through the company’s streaming service “Wink” constituted “propaganda of non-traditional sexual relations”. The films were “Transcendence” (2014, Wally Pfister), “Life Like” (2019, Josh Janowicz), ”Curse of Chucky” (2013, Don Mancini), and ”Blow Dry” (2001, Paddy Breathnach). The exact scenes from these films are unclear.",
record_f2235dda,5-1479/23,2023,77,77MS0098,6.21.2_2,official_0019,official,fine (200000),Film (10763); Film (55347); Film (523773); Film (680590),court,,"The deputy general director for content on the streaming service “Ivi” was fined for the films “Little Italy” (Donald Petrie, 2018), “Dr. T & the Women” (Robert Altman, 2000), “Love Is Love Is Love” (Eleanor Coppola, 2021), and “Beginners” (Mike Mills, 2011) with the age restriction label “16+”. The court mentioned that these films contained “scenes describing homosexual relationships between men and [...] women, as well as references to homosexual relationships” demonstrating “non-traditional sexual relations and/or preferences” among minors. It is not specified which scenes exactly constituted the violation. The company that owns the streaming service was also fined for the same films (case 05-0902/2023).",
record_4d9dc24e,05-0475/2023,2023,77,77RS0021,6.21.2_2,1167746480208,legal entity,fine (1000000),Music video (Aq06LFpFpcE); Music video (MCmzYJnMpwQ); Music video (vJIJdAgbGCU),mass media (https://web.archive.org/web/20260515035321/https://zona.media/news/2024/01/29/clubbing_tv); court (77RS0021-02-2023-014063-39),,"The company “DotDTechnology”, which owns the TV channel “Clubbing TV”, was fined for airing three music videos: “Flash” by Lewis OfMan (2018), “For Love” by filous feat. klei (2018), and “La Lueur” by Holism (2022). According to the court, these videos “demonstrated non-traditional sexual relationships and preferences to minors” because they were labelled “16+”. It is not specified what scenes exactly constituted the violation.",
record_8c72027a,05-1147/2023,2023,77,77RS0019,6.21.2_2,1077758948112,legal entity,fine (1000000),Film (338189); Film (795811),mass media (https://web.archive.org/web/20260515045322/https://zona.media/news/2023/09/15/ivi); court (77RS0019-02-2023-009907-03),,"The company that owns the streaming service “Ivi” was fined for the films “It's Only the End of the World” (Xavier Dolan, 2016) and “Wheel of Fortune and Fantasy” (Ryusuke Hamaguchi, 2021), labelled “16+”. The court found that these films “contained information demonstrating non-traditional sexual relations and/or preferences, which is prohibited for distribution among children.” It is not specified which scenes exactly constituted the violation.",
record_28983a47,05-0486/2023,2023,77,77RS0018,6.21.2_2,1237700009700,legal entity,fine (1000000),Film (17203); Film (9801); Film (167032),court (77RS0018-02-2023-009122-83),https://web.archive.org/web/20260416175603/https://mosregtoday.ru/news/power/na-videoservis-wink-sostavili-protokol-za-rasprostranenie-informatsii-o-netraditsionnyh-tsennostjah/?ysclid=mo1r2rvjr0650208962,"The company “Restrim Media” that owns the streaming service “Wink” was fined for three films: “Bridget Jones: The Edge of Reason” (Beeban Kidron, 2004), “Curse of Chucky” (Don Mancini, 2013), and “Blow Dry” (2001, Paddy Breathnach), all labelled “16+”. Roskomnadzor, the Russian mass media regulator, found the following scenes in these films to demonstrate “non-traditional sexual relations and/or preferences to minors”: in “Bridget Jones”, there were “two same-sex (female) characters kissing in a sexual context” (01:27:34-01:27:42); “Curse of Chucky” depicted “kisses of two women” (00:31:43-00:31:59, 00:35:27-00:36:13, 01:07:31-01:07:35) and “these same women planning to have virtual sex via video call” (00:46:42 00:47:25); “Blow Dry” showed “two same-sex (female) characters kissing in a sexual context” (01:21:47-01:21:57).",
record_8c17a9cf,12-126/2023,2023,75,75MS0034,6.21_3,individual_0032,individual,fine (50000),Social media (social_media_024),court (75MS0034-01-2023-004822-87),,"A creator of a community page on VKontakte was fined for “publications with text and photographs, accessible to an unlimited number of people (at the time of monitoring, the group had 2,945 members), aimed at the formation of non-traditional sexual relations and preferences, a distorted idea of the societal value of traditional and non-traditional sexual relations.” The exact publications are unknown. The defence stated that the website, on which the individual published the images, was labelled “18+”, but the court dismissed it. Initially, a magistrate fined the defendant 100,000 RUB, but the higher instance judge reduced the fine.",
record_c2270492,5-881/23,2023,77,77MS0374,6.21.2_2,official_0030,official,fine (200000),Film (17203); Film (9801); Film (167032),court,,"The director general of the company “Restrim Media” that owns the streaming service “Wink” was fined for making the films “Bridget Jones: The Edge of Reason” (Beeban Kidron, 2004), “Curse of Chucky” (Don Mancini, 2013), and “Blow Dry” (2001, Paddy Breathnach) publicly acessible to minors, because they were labelled “16+”. According to Roskomnadzor, the Russian mass media regulator, these films “demonstrated non-traditional sexual relations and/or preferences, such as passionate kissing between two women, a scene where women are about to engage in virtual sex via video call.” Earlier, the company was also fined for the same films (see case 05-0486/2023).",
record_aafc0f08,5-1294/23,2023,77,77MS0021,6.21_2,official_0039,official,fine (),Unclear (unclear_003),court (77MS0021-01-2023-003138-55),,"The general director of the company “Tema-Rus” and the editor-in-chief of a TV channel (the court redacted the name), which the company manages, was fined for “propaganda among minors of non-traditional sexual relations and/or preferences”. The exact content that constituted the violation and the amount of fine have been redacted from the court ruling. Earlier, this legal entity was fined for airing a TV programme (see case 5-1024/2023).",
record_4ff9c9f3,5-955/23,2023,77,77MS0374,6.21.2_2,official_0018,official,fine (100000),Music video (ExJmET8boVw),court,,"The editor-in-chief of the TV channel “ZHARA TV” was fined for airing the music video “Girls” (2018) by Rita Ora, Cardi B, Bebe Rexha, and Сharli ХСХ. The court stated that the music video should have had the label “18+” instead of “16+”, because it “contains information demonstrating non-traditional sexual relations and/or preferences, [...] prohibited for distribution among children.”",
record_28f4a1a4,5-954/23,2023,77,77MS0374,6.21.2_2,official_0019,official,fine (200000),Film (338189); Film (795811),court,,"An official at the streaming service “Ivi” was fined for distributing two films, “It's Only the End of the World” (Xavier Dolan, 2016) and “Wheel of Fortune and Fantasy” (Ryusuke Hamaguchi, 2021), labelled “16+”. Roskomnadzor, the Russian mass media regulator, found that these films contained “information and scenes demonstrating non-traditional sexual relations and/or preferences, where two men kiss and gradually take off their clothes, as well as scenes with dialogue between characters that touch on the topic of non-traditional sexual relations and/or preferences, in particular homosexual relations.” The company that owns the streaming service was also fined for the same films (case 05-1147/2023).",
record_4843a6c5,5-957/23,2023,77,77MS0374,6.21.2_2,official_0020,official,fine (200000),Film (246860); Film (666622),court,,"An official at the streaming service “Kinopoisk” was fined for distributing two films, “Breaking Up in Rome” (Edoardo Leo, 2021) and “Clouds of Sils Maria” (Olivier Assayas, 2014), labelled “16+”. Roskomnadzor, the Russian mass media regulator, found that these films contained “information and scenes demonstrating non-traditional sexual relations and/or preferences, where men kiss on the lips, as well as scenes with dialogue between characters that touch on the topic of non-traditional sexual relations and/or preferences, in particular homosexual relations.”",
record_24cafe69,5-1170/2023,2023,77,77RS0027,6.21_3,individual_0029,individual,fine (200000),Social media (social_media_025),mass media (https://web.archive.org/web/20260410232230/https://parniplus.com/news/igor-sinyak-apellyatsiya/); court (77RS0027-02-2023-013894-34),https://web.archive.org/web/20260421041229/https://moskvichmag.ru/gorod/byuti-blogera-igorya-sinyaka-oshtrafovali-na-200-tys-rublej-za-propagandu-lgbt/,"Beauty-blogger Igor Sinyak was fined after authorities concluded that content on his Telegram channel promoted non-traditional sexual relations online. The blogger successfully appealed this case in the higher instance, and the fine was cancelled. The case was overruled due to “violations committed by the police and the court of first instance”, as the media reported.",
record_40142de8,5-308/2023,2023,23,23MS0086,6.21_3,individual_0026,individual,fine (100000),Social media (social_media_026),court (23MS0086-01-2023-002210-65),https://web.archive.org/web/20240520045040/https://ria.ru/20240406/shtraf-1938315981.html,"A VKontakte user was fined for posting images “containing persons of the same sex (gender)”. According to the court, these images were the “signs of propaganda of non-traditional sexual relations, propaganda of norms of non-traditional sexual relations”. It is not specified which images exactly constituted the violation. This individual was fined nine times by the same judge for posting images on VK.",
record_30bfa0f6,5-309/2023,2023,23,23MS0086,6.21_3,individual_0026,individual,fine (100000),Social media (social_media_027),court (23MS0086-01-2023-002211-62),https://web.archive.org/web/20260722045502/https://doxa.team/news/2024-04-05-lgbt,"A VKontakte user was fined for posting images “containing persons of the same sex (gender)”. According to the court, these images were the “signs of propaganda of non-traditional sexual relations, propaganda of norms of non-traditional sexual relations”. It is not specified which images exactly constituted the violation. This individual was fined nine times by the same judge for posting images on VK.",
record_b48d671e,5-310/2023,2023,23,23MS0086,6.21_3,individual_0026,individual,fine (100000),Social media (social_media_028),court (23MS0086-01-2023-002212-59),,"A VKontakte user was fined for posting images “containing persons of the same sex (gender)”. According to the court, these images were the “signs of propaganda of non-traditional sexual relations, propaganda of norms of non-traditional sexual relations”. It is not specified which images exactly constituted the violation. This individual was fined nine times by the same judge for posting images on VK.",
record_c7287c9b,5-270/2023,2023,25,25MS0098,6.21_1,individual_0105,individual,unknown,Public action (public_action_001),press release (https://web.archive.org/web/20240201035419/https://25.xn--b1aew.xn--p1ai/news/item/41319610/); court (25MS0098-01-2023-002738-26),https://web.archive.org/web/20260718061636/https://zona.media/news/2023/09/02/dress,"An individual was prosecuted for “propaganda of non-traditional sexual relations and/or preferences, sex change” by wearing “women's clothing and a wig” in public. The residents of the village of Varfolomeevka (population around 1K) called the police after noticing this person on the street, as reported by the press office of the Ministry of Internal Affairs for Primorsky Krai. Other details of the case are unknown; the court did not publish the decision text.",
record_f5b264b5,5-1000/23,2023,77,77MS0374,6.21.2_2,official_0012,official,fine (200000),TV series (31841),court,,"The editor-in-chief of the “KinoLiving” TV channel was fined after Roskomnadzor, the Russian mass media regulator, found that the TV channel aired the series “Episodes” (David Crane and Jeffrey Klarik, 2011), which “contained information demonstrating non-traditional sexual relations and/or preferences expressed by a visual component: an image of sensual interaction between two persons of the same biological sex (female), prolonged kisses and caresses of two women.”",
record_3f2d2764,5-1001/23,2023,77,77MS0374,6.21.2_2,official_0012,official,fine (200000),TV series (94115),court,,"The editor-in-chief of the “KinoLiving” TV channel was fined after Roskomnadzor, the Russian mass media regulator, found that the TV channel aired the series “Made in Italy” (Camilla Nesbitt, 2019). According to Roskomnadzor, “the series contained images that touch on the topic of non-traditional sexual relations (kisses between two people of the same biological sex (male), as well as dialogue between the characters that touches on the topic of non-traditional sexual relations.” The company that owns the TV channel was also fined for the same content (case 05-1133/2023).",
record_d6a0a1ff,5-999/23,2023,77,77MS0374,6.21.2_2,official_0023,official,fine (200000),Film (273169),court,https://web.archive.org/web/20260421034935/https://parniplus.com/news/glavreda-kanala-evrokino-oshtrafovali-na-200-tysyach-za-pokaz-nyani-lesbiyanki-podrostkam/,"The general director and editor-in-chief of the TV channel “EuroKino” was fined for airing the film “French Women” (Audrey Dana, 2014), labelled “16+”. Roskomnadzor, the Russian mass media regulator, found the film to contain “information demonstrating non-traditional sexual relationships and/or preferences, which is expressed by a verbal component (dialogues between two women), a visual component: an image of sensual interaction between two women, where scenes are shown containing tactile communication after sexual interaction, prolonged kisses.” The company, which owns the TV channel, was also fined for the same film (see case 05-0835/2023).",
record_bdb81073,5-998/23,2023,77,77MS0374,6.21.2_2,official_0032,official,fine (200000),Music video (aH4080sT4P8),court,,"The editor-in-chief of the TV channel “TOCHKA TV” was fined for airing the music video “Stranger” (2012) by Nikolai Baskov, labelled “16+”. The court stated that this video “contained information demonstrating non-traditional sexual relations and/or preferences” and should have had the label “18+”. According to the judicial expert analysis, the music video is a relationship story between two men placed in the “atmosphere of hedonism and debauchery, which is realised primarily through repeated scenes of non-verbal sensual interaction between two persons of the same biological sex (female) in a sexual context.”",
record_fb7af25e,05-6398/2023,2023,77,77RS0026,6.21.2_2,1077757496937,legal entity,fine (500000),Music video (ExJmET8boVw),court (77RS0026-02-2023-015440-08),,"The TV channel “Zhara TV” was fined for broadcasting the music video “Girls” (2018) by Rita Ora featuring Cardi B, Bebe Rexha, and Charli XCX to minors under a 16+ age rating. The judgment treated the clip as a multimodal audiovisual text and closely described its visual composition, noting first a sequence in which women dressed in light-coloured garments sing together, communicate, and exchange gestures of affection, while “the atmosphere of what is happening is hedonistic” and the overall imagery is “perceived as an ancient Greek Sapphic salon.” A second sequence was analysed separately: one female figure observes another through holographic imagery, the two move closer, and their interaction is presented at “an intimate interpersonal distance” involving “touching, as well as a kiss on the lips.” These quoted visual observations formed the core of the court’s reasoning that the clip demonstrated “non-traditional sexual relations” and therefore could not lawfully remain accessible to minors under a 16+ classification. Earlier, the editor-in-chief of this TV channel was fined for the same music video (see case 5-955/23).",
record_f8b290c1,05-6399/2023,2023,77,77RS0026,6.21.2_2,1117746765311,legal entity,fine (1000000),TV series (31841),court (77RS0026-02-2023-015441-05),,"The film distribution company “Russian Report” was fined for airing the TV series “Episodes” (David Crane and Jeffrey Klarik, 2011) on the “KinoLiving” TV channel with the label “16+”. The court stated that the series contained “the demonstration of non-traditional sexual relations expressed by a visual component: the depiction of sensual interaction between two persons of the same biological sex (female), namely: a prolonged kiss expressing sexual passion; caressing movements of the hand of one woman on the chest area of the other.” It is said that this judicial expertise was based on the “classification of kisses”, which was also mentioned in the case 5-1073/23. Earlier, the editor-in-chief of the TV channel was also fined for distributing the TV series (case 5-1000/23).",
record_698fb780,5-311/2023,2023,23,23MS0086,6.21_3,individual_0026,individual,fine (100000),Social media (social_media_029),court (23MS0086-01-2023-002213-56),,"A VKontakte user was fined for posting images “containing persons of the same sex (gender)”. According to the court, these images were the “signs of propaganda of non-traditional sexual relations, propaganda of norms of non-traditional sexual relations”. It is not specified which images exactly constituted the violation. This individual was fined nine times by the same judge for posting images on VK.",
record_b9b95aa4,5-312/2023,2023,23,23MS0086,6.21_3,individual_0026,individual,fine (100000),Social media (social_media_030),court (23MS0086-01-2023-002214-53),,"A VKontakte user was fined for posting an image “containing persons of the same sex (gender)”. According to the court, the image depicted the “signs of propaganda of non-traditional sexual relations, propaganda of norms of non-traditional sexual relations”. The defence argued that the image was art and depicted models. This individual was fined nine times by the same judge for posting images on VK.",
record_69595dfb,5-313/2023,2023,23,23MS0086,6.21_3,individual_0026,individual,fine (100000),Social media (social_media_031),court (23MS0086-01-2023-002215-50),,"A VKontakte user was fined for posting screenshots of the film “Tell It to the Bees” (Annabel Jankel, 2019). The court stated that “it can be reliably determined that the images contain persons of the same sex (gender), therefore there are signs of propaganda of non-traditional sexual relations, propaganda of norms of non-traditional sexual relations among minors”. This individual was fined nine times by the same judge for posting images on VK.",
record_6711ac2b,5-314/2023,2023,23,23MS0086,6.21_3,individual_0026,individual,fine (100000),Social media (social_media_032),court (23MS0086-01-2023-002216-47),,"A VKontakte user was fined for posting images “containing persons of the same sex (gender)”. According to the court, these images were the “signs of propaganda of non-traditional sexual relations, propaganda of norms of non-traditional sexual relations”. The defence argued that the images were screenshots of publicly available music videos and films. It is not specified which images exactly constituted the violation. This individual was fined nine times by the same judge for posting images on VK.",
record_60e960a7,5-315/23,2023,23,23MS0086,6.21_3,individual_0026,individual,fine (100000),Social media (social_media_033),court (23MS0086-01-2023-002217-44),,"A VKontakte user was fined for posting screenshots of the music video “Take me to church”. The court stated that “it can be reliably determined that the images contain persons of the same sex (gender), therefore there are signs of propaganda of non-traditional sexual relations, propaganda of norms of non-traditional sexual relations among minors”. This individual was fined nine times by the same judge for posting images on VK.",
record_67eec5b9,5-316/23,2023,23,23MS0086,6.21_3,individual_0026,individual,fine (100000),Social media (social_media_034),court (23MS0086-01-2023-002218-41),,"A VKontakte user was fined for posting images “containing persons of the same sex (gender)”. According to the court, these images were the “signs of propaganda of non-traditional sexual relations, propaganda of norms of non-traditional sexual relations”. The defence argued that the images were screenshots of publicly available music videos and films. It is not specified which images exactly constituted the violation. This individual was fined nine times by the same judge for posting images on VK.",
record_942aa403,5-1072/23,2023,77,77MS0374,6.21.2_2,official_0011,official,fine (100000),Music video (0rfBL_fCsI4),court,,"The editor-in-chief of the music TV channel “ТNТ MUSIC” was fined for airing the music video “Hallucination” by Regard and Years & Years. According to the court, the music video “demonstrated non-traditional sexual relations and/or preferences” among minors, because the TV channel marked it “16+”. It is not specified which scenes exactly constituted the violation.",
record_f5fabe03,5-1665/2023,2023,78,78RS0002,6.21_3,1187847039742,legal entity,fine (500000),Music video (P5_F9XreimI),mass media (https://web.archive.org/web/20260209002421/https://rapsinews.ru/judicial_news/20240216/309628282.html); court (78RS0002-01-2023-013191-98),,"The TV channel “AIVA” was fined for airing the music video “Tak Krasivo” (“So Beautiful”) by Sergey Lazarev (2017). The court did not publish the text of the decision. According to the mass media, the protocol stated that the video “demonstrated interacting hands (caressing each other), the position of which as well as their individual characteristics (hair, shape of the nail plate, manicure, jewelry) show that they belong to two people of the same-sex, which can be potentially perceived as a tactile, sensual interaction of persons conveying their homosexual preferences”, and that the video communicates “that people in non-traditional sexual relationships are not only no different from representatives of heterosexual relationships, but their preferences, if not socially approved, are at least acceptable in society and equivalent to the union of a man and a woman.” The editor-in-chief of this TV channel was also fined 200,000 RUB for the same video, as the media reported. However, we could not obtain the corresponding court decision.",
record_f102a588,12-1609/2023,2023,78,78MS0149,6.21.2_2,official_0026,official,fine (200000),Film (752),court (78MS0149-01-2023-003910-48),,"The editor-in-chief of the TV channel “KINO TV” was fined for “distributing among minors” the film “V for Vendetta” (James McTeigue, 2006), labelled “16+”. According to Roskomnadzor, the Russian mass media regulator, this film demonstrated “non-traditional sexual relations and (or) preferences.” It is not specified what scenes exactly constituted the violation. The legal entity that owns the TV channel was also fined for the same film (see case 5-302/2024).",
record_02c3c938,5-1189/23,2023,77,77MS0374,6.21.2_2,official_0008,official,fine (100000),TV series (64122),court,,"The product manager of the streaming service “More.tv” was fined for the TV series “The Shannara Chronicles” (Alfred Gough, Miles Millar, 2016) with the age restriction label “16+”. According to Roskomnadzor, the Russian mass media regulator, the series “contains information demonstrating non-traditional sexual relations and/or preferences” among minors. The court did not specify which scenes exactly constituted the violation.",
record_46fceefa,05-6771/2023,2023,77,77RS0026,6.21.2_2,5137746045620,legal entity,fine (1000000),Music video (aH4080sT4P8),court (77RS0026-02-2023-016531-33),,"The TV channel “TOCHKA TV” was fined for airing the music video “Stranger” (2012) by Nikolai Baskov, labelled “16+”. The court stated that this video “contained information demonstrating non-traditional sexual relations and/or preferences” and should have had the label “18+”. The experts from Roskomnadzor, the Russian mass media regulator, identified six scenes in the music video, which show a relationship story between two men placed in the “atmosphere of hedonism and debauchery, which is realised primarily through repeated scenes of non-verbal sensual interaction between two persons of the same biological sex (female) in a sexual context.” The editor-in-chief of this TV channel was also fined for the same content (see case 5-998/23).",
record_23db2edc,05-7506/2023,2023,77,77RS0026,6.21_3,1137746363150,legal entity,fine (1000000),Music video (mLJM9jLwo2c),court (77RS0026-02-2023-018428-65),,"The legal entity “OMT”, which owns the TV channel “O2TV”, was fined for broadcasting the music video “Крылья” (“Wings”) by Dezery (2019). The court qualified the broadcast as propaganda, holding that the video promoted “the attractiveness of non-traditional sexual relations and preferences” and “a distorted perception of the social equivalence of traditional and non-traditional sexual relations.” Although the channel argued that the clip had been aired at night, marked 18+, and partially blurred, the court relied on expert conclusions stating that the music video still contained material “propagandising non-traditional sexual relations and (or) preferences,” and therefore treated the broadcast as unlawful media dissemination rather than mere age-classification error. The exact scenes in question are unclear.",
record_ed66af93,05-6769/2023,2023,77,77RS0026,6.21.2_2,1047796736591,legal entity,fine (1000000),Music video (0rfBL_fCsI4),court (77RS0026-02-2023-016529-39),,"The legal entity “FONBET TV”, which owns the music TV channel “TNT Music”, was fined for airing the music video “Hallucination” by Regard and Years & Years, labelled “16+”. According to the court, the music video “demonstrated non-traditional sexual relations and/or preferences” among minors. The experts from Roskomnadzor, the Russian mass media regulator, identified two scenes, in which gestures made by “persons of the male biological sex [...] encourage the recipient to perceive their dance as an expression of sexual interaction between persons of the same biological sex.” The editor-in-chief of this TV channel was also fined for the same content (see case 5-1072/23).",
record_5dc3ac97,05-6774/2023,2023,77,77RS0026,6.21.2_2,1087746719906,legal entity,fine (500000),Film (325789); Film (668640),court (77RS0026-02-2023-016534-24),,"“Universal Communications” was fined after the court found that its television channel “Hollywood” had broadcast two films — “The Infiltrator” (2016, Brad Furman) and “Official Competition” (2021, Mariano Cohn and Gastón Duprat) — to minors under a 16+ age rating. In relation to “The Infiltrator”, the court isolated a fragment stating that it contained “visual information corresponding to signs of the demonstration of non-traditional sexual relations or preferences.” For “Official Competition”, the judgment focused on a scene described as “a prolonged kiss between two persons of the same biological sex (female), expressing sexual feelings,” with the court adding that “other sexual actions are also demonstrated.” It then extended the analysis by classifying kisses into social and sensual categories, concluding that the scene belonged to the latter because it conveyed affection, tenderness, and love rather than neutral social contact. These quoted observations formed the basis for finding that both films demonstrated non-traditional sexual relations and therefore could not lawfully remain accessible to minors under a 16+ classification.",
record_3fe4e07f,05-6777/2023,2023,77,77RS0026,6.21.2_2,1067746687623,legal entity,fine (1000000),Music video (NcfFV9eesZI),court (77RS0026-02-2023-016537-15),,"“RED Media” was fined for broadcasting the music video “Город” (“The City”) by the band “Tantsy Minus” (2013) to minors on its TV channel “La Minor TV”. According to the court, it “contained material demonstrating non-traditional sexual relations”. Rejecting the defence argument that the video merely depicted friendship and affection for Russian cities, the court focused on a scene where one female character, in its words, “sensually interacts with another female person”, treating that moment as the central evidentiary basis for liability. The judgment also moved beyond ordinary legal description by offering an extended semiotic reading of the clip, calling it a “polycode (creolised) text”, discussing “clip culture”, and interpreting the montage as a symbolic narrative of memory, emotion, and desire before concluding that same-sex intimacy embedded in that audiovisual sequence could not lawfully remain classified as suitable for children aged twelve and above.",
record_fa24c81e,5-1188/23,2023,77,77MS0374,6.21_3,official_0010,official,fine (100000),Music video (mLJM9jLwo2c),court,,"The editor-in-chief of the music TV channel “O2TV” was fined for airing the music video “Крылья” (“Wings”) by “Dezery”. Roskomnadzor, the Russian mass media regulator, determined that the music video “vividly demonstrates the main character's conscious rejection of traditional sexual relations; she is willing to confront her mother and the entire world. The communicative purpose of [the video] is to create a distorted perception of the social equivalence of traditional and non-traditional sexual relations and/or preferences.” The company, which owns the TV channel, was also fined for the same music video (see case 05-7506/2023).",
record_ab6be87c,05-1979/2023,2023,77,77RS0024,6.21.2_2,1027739540146,legal entity,fine (1000000),Film (774456); Film (358725); Film (5146); Film (26969),court (77RS0024-02-2023-024232-25),,"The TV channel “TV-21M” was fined for broadcasting four films, labelled “16+”: “García y García” (2021, Ana Murugarren), “Saint Amour” (2016, Benoît Delépine and Gustave Kervern), “The In-Laws” (2003, Andrew Fleming), and “8 Dates” (2008, Peris Romano and Rodrigo Sorogoyen). In the court’s view, these films “demonstrated non-traditional sexual relations” among minors. In “García y García”, the court found such “demonstration” in the scene, which shows two female characters kissing on the neck and lips and contains the line “Darling, you’re the one who doesn’t want to come out”. In “Saint Amour”, the court identified the scene, in which two female characters “merge in a sensual kiss”. In “The In-Laws”, the court mentioned the scene, in which “the initiator of the kiss had a romantic interest in another man, but tried to deny his non-traditional sexual orientation”. In “8 Dates”, the “demonstration” scene was “two heterosexual couples, as well as a young man named Alfonso, kiss according to the rules of the game”. When analysing the first two films, the court applied the so-called “classification of kisses”, which categorises kisses “depending on the kinds of feelings”, for example “kisses of affection, tenderness, respect, and love”.","Телеканал “ТВ-21 М” был оштрафован за показ четырёх фильмов с маркировкой 16+: “Улётная история” (García y García, 2021), “Сент-Амур: Удовольствия любви” (Saint Amour, 2016), “Свадебная вечеринка” (“The In-Laws”, 2003) и “8 свиданий” (“8 Dates”, 2008). По мнению суда, эти фильмы “демонстрировали нетрадиционные сексуальные отношения” среди несовершеннолетних. В фильме “Улётная история” суд посчитал такой “демонстрацией” сцену между двумя женскими персонажами с репликой “Милая, это ты не хочешь сделать каминг-аут” и поцелуями в шею и губы. В “Сент-Амур” суд выявил сцену, в которой “девушки сливаются в чувственном поцелуе”. В “Свадебной вечеринке” суд упомянул сцену, в которой “инициатор поцелуя испытывает романтический интерес ко второму мужчине, но пытается отрицать наличие у себя нетрадиционной сексуальной ориентации”. В “8 свиданий” сцена “демонстрации” заключалась в том, что “две гетеросексуальные пары [...], а также молодой человек по имени Альфонсо [...] целуются согласно условиям игры”. При анализе первых двух фильмов суд применил так называемую “классификацию поцелуев”, в которой выделяются поцелую “в зависимости от видов чувств”, например, “поцелуи ласки, нежности, уважения и любви”."
record_eb0139f4,05-2472/2023,2023,77,77MS0271,6.21_3,individual_0019,individual,fine (200000),Social media (social_media_035),social media (https://web.archive.org/web/20251028050743/https://t.me/moscowcourts/2160); court (77RS0014-02-2023-019573-79),https://web.archive.org/web/20260420064239/https://parniplus.com/news/vacio-lgbt-propaganda/,"Rapper Vacío was fined for “dissemination of information aimed at the formation of non-traditional sexual attitudes and the attractiveness of non-traditional sexual relationships” using Telegram. The court mentioned that the information the rapper shared was related to his participation in the celebrities' “Almost naked” themed party organised by the TV host and blogger Nastya Ivleeva. According to the court, this party was “aimed at promoting non-traditional sexual relations”, but it is not specified what information exactly constituted the violation.",
record_b0e42e01,5-444/2023,2023,91,91RS0003,6.21_1,1037706012376,legal entity,fine (800000),Book (OL37892847W),court (91RS0003-01-2023-005412-68),,"The company “Gramota”, which owns the bookshop chain “Chitai gorod”, was fined for selling the graphic novel “Immortal” (“Bes/smertniy” by Koriandr, Eksmo, 2023). The court found that the book “had signs of promoting non-traditional sexual relations.” According to the judicial expertise carried out by the Crimean Engineering and Pedagogical University, the book “depicts psychological and physical (sexual) violence, with men serving as both subjects and objects (Koschei – Ivan; Prince – Koschei; Ivan – Sergei). Both the villain (Koschei) and the hero (Ivan) identify non-traditionally in terms of gender.” Among other pieces of evidence in this case was a police report submitted by the bookshop customer.",
record_3e86b8ad,5-1073/23,2023,77,77MS0374,6.21.2_2,official_0017,official,fine (200000),Music video (NcfFV9eesZI),court (77MS0374-01-2023-002774-92),,"The editor-in-chief of the music TV channel “La Minor TV” was fined for airing the music video “Город” (“The City”, 2013) by the band “Tantsy Minus”. Roskomnadzor, the Russian mass media regulator, determined that the music video “contains scenes of affection and tactile gestures, as well as scenes of kissing between two persons of the same biological sex (female), therefore contains information demonstrating non-traditional sexual relations and (or) preferences.” The judicial expertise also involved the analysis of the kiss scene. The experts applied the so-called “classification of kisses”, which includes “social and sensual kisses, the latter differing depending on the types of feelings (kisses of affection, tenderness, respect and kisses of love).” The company that owns the TV channel was also fined for the same music video (see case 05-6777/2023).",
record_7bd56650,05-1635/2023,2023,77,77RS0008,6.21_1,1027739148656,legal entity,fine (900000),Comics (comics_001),court (77RS0008-02-2023-011561-86),https://web.archive.org/web/20250429080419/https://nsn.fm/culture/eksmo-oshtrafovali-na-900-tysyach-rublei-za-komiks-golub-gennadii; https://web.archive.org/web/20260731135425/https://doberman.media/en/post/33084/,"The publishing house “Eksmo” was fined for publishing and circulating the book “Pigeon” (Koro, 2021). An individual found this book in a public library and handed it over to the police. The court cited a linguistic report stating that the text “contains discussion of non-traditional sexual relations (not between a man and a woman)” and highlighted the age marking “12+” as proof that the text was addressed to readers over twelve. The report noted “references to young men in the description of pigeons,” “a man in the description of one pigeon,” and “men represented through the image of a pigeon and a crow.” A further expert interview characterised the book as mass-distribution printed material aimed, among others, at minors, and claimed that it used “a manipulative strategy of influence,” with “indirect, hidden psychological impact.” The same opinion concluded that the book promoted “a positive emotional-semantic attitude toward non-traditional relations, presented as normal, ordinary, generally accepted, that is, natural,” while allegedly producing a negative emotional attitude toward traditional family and sexual relations.",
record_8b8584c4,5-2041/2023,2023,78,78RS0019,6.21.2_2,1167847381130,legal entity,fine (1000000),Film (711577),mass media (https://web.archive.org/web/20260515040357/https://zona.media/news/2024/01/25/afera); court (78RS0019-01-2023-016681-76),,"The streaming platform “Okko” was fined for distributing the film “Danny's Game” (2016, Bill Cooper). The exact details and circumstances of the case are unclear.",
record_a0695ec6,5-253/2024,2023,78,78RS0019,6.21.2_2,1167847381130,legal entity,fine (1000000),TV series (80840); TV series (130273); TV series (127008),social media (https://web.archive.org/web/20260530132214/https://t.me/SPbGS/17325); court (78RS0019-01-2024-002091-18),,"The online streaming platform “Okko” was fined for three TV-series, labelled “16+”, which “contained a demonstration of non-traditional sexual relations and preferences”. As the St. Petersburg courts press office stated, the TV series “Annika” (Nick Walker, 2021) contained dialogs “referencing to non-traditional sexual relations” in episodes 2, 5, and 6. In the episode 4, there was “even a demonstration in the form of a kiss”. In the series “The One and Only” (Moon Jung-min, 2021), there were “bad scenes where one woman gently strokes the hand of another”. And the series “My Dead Ex” (Drew Hancock, 2018) “was let down by [..] a character's coming out”.",
record_83c3f5b7,12-194/2024 (12-3666/2023),2024,23,23RS0031,6.21_4,individual_0082,individual,fine (200000),Dating profile (dating_profile_006),court (23MS0028-01-2023-001258-78),,"An individual was fined for a profile on a website, which “advertised sex services”. According to the court, the textual and visual information in the profile is “unambiguously aimed at popularizing and promoting non-traditional sexual relations, including among minors, and may contribute to the emergence of interest in children and adolescents in non-traditional forms of sexual behavior.” The court mentioned that “the page contains information that [the defendant] is a person of non-traditional sexual orientation, that is, a transsexual.” The defendant explained that she identifies as a woman and provides sex services only to men, which “exludes non-traditionalism”.",
record_368c9575,5-125/2024,2024,77,77RS0026,6.21.2_2,1077757496937,legal entity,fine (1000000),Music video (0ir1qkPXPVM),court (77RS0026-02-2023-018429-62),,"The TV channel “ZHARA TV” was fined for airing the music video “Prisoner” by Miley Cyrus ft. Dua Lipa (2020), labelled “16+”. According to the court, the music video “demonstrated non-traditional sexual relationships and attitudes to minors.” The exact scenes that constituted the violation are not specified.",
record_448e22b0,5-192/2024,2024,77,77RS0026,6.21.2_2,5067746471766,legal entity,fine (1000000),Film (2770),court (77RS0026-02-2023-018692-49),https://web.archive.org/web/20250803125410/https://telesputnik.ru/materials/content/news/sud-rassmotrit-zalobu-na-straf-za-lgbt-kontent-v-filme-amerikanskii-pirog-2,"The TV channel “TV 1000 Comedy” was fined for showing the film “American Pie 2” (J.B. Rogers, 2001). According to the court, it “promoted non-traditional sexual relationships” because of the scene with “two naked women kissing”.",
record_7046d4eb,5-190/2024,2024,77,77RS0026,6.21.2_2,1187746527099,legal entity,fine (500000),TV series (64122),court (77RS0026-02-2023-018690-55),,"The company “M3”, which owns the streaming service “More.tv”, was fined for distributing the series “The Shannara Chronicles” (Alfred Gough, Miles Millar, 2016), labelled “16+”. The judicial experts identified six scenes, which “indirectly demonstrate non-traditional sexual relations and/or preferences.” The experts added that “along with the dialogues and general development of relationships between the women throughout the series, their interactions are perceived by the recipient as a demonstration of non-traditional sexual relationships and/or preferences.” The mentioned scenes were: 28:20-29:43 (E1S2), 23:46-25:25 (E2S2), 32:10-32:37 (E2S2), 16:34-16:42 (E4S2), 19:27-21:18 (E9S2), 34:53-35:15 (E10S2). Earlier, the product manager of this streaming service was fined for the same TV series (see case 5-1189/23).",
record_06378b0b,05-0770/2024,2024,77,77RS0026,6.21.2_2,1237700009700,legal entity,fine (2000000),TV series (127008),social media (https://web.archive.org/web/20260218004241/https://t.me/moscowcourts/2403); court (77RS0026-02-2024-001157-96),https://web.archive.org/web/20260120222439/https://www.vedomosti.ru/society/news/2024/01/30/1017506-sud-oshtrafoval-wink,"The streaming service “Wink” was fined for distributing the South Korean TV series “The One and Only” (2021). The court found that the series, available with a 16+ rating, contained information “demonstrating non-traditional sexual relations and preferences through a recurring storyline involving emotional attachment between two women”. In court, an expert emphasised that the analysed material depicted “relations between persons of the same sex,” relying not only on dialogue but also on “the semantic load carried by dialogues and monologues,” as well as visual scenes where one heroine “places her hand on the hand of another under romantic music.” Screenshots shown to the court were said to depict the women “holding hands, preparing to kiss one another, and the negative reaction of one heroine’s mother who caught them at that moment,” leading the expert to conclude that the material conveyed “not heterosexual and not friendly relations between two persons of the same sex,” even though “sexual interaction itself was not presented.”",
record_4895c117,5-267/2024,2024,91,91RS0024,6.21_3,individual_0047,individual,fine (100000),Social media (social_media_036),court (91RS0024-01-2024-002505-29),,"An individual was fined for an image on his Instagram page in the “tags” section, showing a “young woman together with him, as well as a large group of people holding a rainbow (pride) flag — a symbol associated with the LGBT community.” The exact content that constituted the violation is unknown.",
record_4ffe6e73,5-54/2024,2024,23,23MS0048,6.21_1,individual_0106,individual,fine (50000),Social media (social_media_037),social media (https://web.archive.org/web/20260414113521/https://t.me/opskuban/810); court (23MS0048-01-2024-000292-89),https://web.archive.org/web/20260508083915/https://www.currenttime.tv/a/krasnodar-propaganda-lgbt/32858750.html,"Two women were fined for a video on social media, in which they “kissed in a cafe“, the mass media reported. According to the press office of the courts of Krasnodar Krai, the video depicted “indecent behaviour in a public place”. The court did not publish the court decision. See also case 5-55/2024.",
record_736c1439,5-55/2024,2024,23,23MS0048,6.21_1,individual_0107,individual,fine (50000),Social media (social_media_037),social media (https://web.archive.org/web/20260414113521/https://t.me/opskuban/810); court (23MS0048-01-2024-000293-86),https://web.archive.org/web/20260508083915/https://www.currenttime.tv/a/krasnodar-propaganda-lgbt/32858750.html,"Two women were fined for a video on social media, in which they “kissed in a cafe“, the mass media reported. According to the press office of the courts of Krasnodar Krai, the video depicted “indecent behaviour in a public place”. The court did not publish the court decision. See also case 5-54/2024.",
record_8de1ce86,5-52/2024,2024,38,38RS0035,6.21_2,1033802254067,legal entity,fine (500000),Music video (bJ-aBFx4Lxc),court (38RS0035-01-2024-000255-52),https://web.archive.org/web/20260521174239/https://ircity.ru/text/entertainment/2024/01/18/73132823/,"The TV channel “NTS” was fined for airing the music video “Indie Rock Vogue” by LOBODA (2021). According to the court, the video demonstrated “non-traditional sexual relations [...] expressed in the interaction of two persons of the same biological sex (female) - a model and a photographer, positioned as having a special personal meaning, contain communicative signs of romantic interpersonal relationships.”",
record_9e7b5d6b,5-160/2024,2024,24,24RS0048,6.21_1,1222400011316,legal entity,fine (450000),Queer venue (queer_venue_003),court (24RS0048-01-2024-001965-15),,"The company “Elton John Krasnoyarsk”, which owns the queer club “Elton”, was fined for “propaganda of non-traditional sexual relations and/or preferences and sex change during [...] ‘drag queen shows’.” The police came to the club after a complaint was filed against it. During their visit, the police noticed that the drag show “featured male participants dressed as females [...] interacting with bar clients.” They also determined that “some same-sex visitors engaged in non-traditional sexual behaviour (hugging and kissing each other on the lips) [...] directed at an unspecified number of visitors present within the premises.” Among the pieces of evidence the court reviewed were security camera recordings inside the club, which were described as “male bar visitors hugging and kissing each other in front of the stage”, “a male figure dressed in women's clothing, a dress, a wig, and bright makeup, stands near the stage in front of the sofas, interacting with male visitors”, and “near the bar counter, two women are hugging and kissing each other on the lips.”",
record_cc6462d8,5-302/2024,2024,78,78MS0149,6.21.2_2,1127847522110,legal entity,fine (1000000),Film (752),court (78RS0017-01-2023-005776-14),,"The TV channel “KINO TV” was fined for “distributing among minors” the film “V for Vendetta” (James McTeigue, 2006), labelled “16+”. Roskomnadzor, the Russian mass media regulator, which carried out judicial expertise, found four scenes in the film “demonstrating non-traditional sexual relations.” Such scenes “expressed verbal (description) and visual components (images of kisses, hugs between persons of the same biological sex (female).” Earlier, the editor-in-chief of this TV channel was fined for the same film (see case 12-1609/2023).",
record_011b7adc,05-1450/2024,2024,77,77RS0026,6.21.2_2,5177746079836,legal entity,fine (1000000),Unclear (unclear_004),social media (https://web.archive.org/web/20251029165758/https://t.me/moscowcourts/2876); court (77RS0026-02-2024-003460-74),https://web.archive.org/web/20240512154202/https://lenta.ru/news/2024/04/04/rossiyskiy-telekanal-oshtrafovali-na-million-rubley-za-propagandu-lgbt/,"The TV channel “Vostok TV” was fined for “distributing among minors information about non-traditional sexual relations”, as the mass media reported. The exact content that constituted the violation is unknown; the court did not publish the decision text.",
record_0549f459,5-65/2024,2024,54,54RS0002,6.21_3,1185476089919,legal entity,fine (500000),"Queer venue, Social media (queer_venue_004)",court (54RS0002-01-2024-001812-28),https://web.archive.org/web/20260726214623/https://verstka.media/bar-elton-novosibirsk,"The company “Elton John”, which owns the queer bar “Elton bar” in Novosibirsk, was fined for five posts on Telegram and one video on YouTube. The judicial expert who analysed the content concluded that the video “contains signs of propaganda of the LGBT movement”, because in the video, it was said that “participating in a gay community and visiting gay clubs is a way to achieve social success and psychological comfort.” The defence argued that the company neither produced nor published the video; it was made by a YouTube blogger. However, the court dismissed this argument, stating that the company's director participated in the video. In the Telegram posts, the expert found “images of a six-stripe rainbow”, which constituted “signs of LGBT propaganda”. The defence denied that the Telegram posts were published by the company, but the judge stated that “there was no doubt” that the posts were made “on behalf of and in the interests” of the company.",
record_cdbbc2e8,5-250/2024,2024,52,52OS0000; 52MS0032,6.21.2_2,1025202841399,legal entity,fine (500000),Book (OL35324964M),court (52MS0032-01-2023-003567-71); court (52MS0032-01-2023-003567-71),,"A small business company “Parol NN”, which sells books online, was fined for placing the book “Giovanni's Room” by James Baldwin on their website, because it contained “scenes of attractive sexual intimacy between same-sex individuals”, according to the court. Earlier, the decision of the same court that fined the company (400,000 RUB) for the same reason was cancelled by the higher instance. This case was also overruled by the higher instance, because there was a “violation of territorial jurisdiction”. The fine was cancelled.",
record_2bee7c81,5-492/2024,2024,34,34RS0008,6.21_7,individual_0085,individual,detention (15); expulsion,Social media (social_media_038),court (34RS0008-01-2024-004132-40),,"A Tajikistan citizen was detained for 15 days and ordered to leave the country for posting “an ad offering sexual services in a non-traditional form” on VKontakte. The court found the post to be promoting “non-traditional sexual relations” because it contained the text “Transsexual Sochi versatile big active [phone number]” supplemented by nude images, while indicating [the defendant's] male identity.”",
record_b581f6a2,5-346/2024,2024,30,30RS0001,6.21_3,individual_0083,individual,fine (100000),Social media (social_media_039),court,,An individual was fined for posting multiple photos on VKontakte featuring people of the same sex; the post was originally published in 2016. The exact content that constituted the violation is unknown.,
record_819c2bb0,5-120/2024,2024,12,12RS0003,6.21_2,1071200001212,legal entity,fine (500000),Film (785084),court (12RS0003-01-2024-000977-38),,"A youth organisation was fined for screening the film “The Whale” (Darren Arranofski, 2022) during a movie night organised for adolescents. A judicial expert determined that this film “creates a distorted impression of the equivalence of traditional and non-traditional sexual relations.” According to the expert, “the theme of non-traditional sexual relations is not emphasised in this film; its main plot does not include love scenes, kisses, or attempts at physical seduction. However, this theme is presented as an important plot element.” The description of the exact scenes was redacted in the court decision.",
record_3228cdf2,5-2055/2024,2024,77,77RS0026,6.21_3,1077759854919,legal entity,fine (2000000),Film (245775),court (77RS0026-02-2024-004961-33),,"The streaming service “Kinopoisk” was fined for the film “Yves Saint Laurent” (Jalil Lespert, 2014), which, according to the court, “contained information promoting non-traditional sexual relations and (or) preferences.” One judicial expert from Roskomnadzor, the Russian mass media regulator, stated that “scenes of non-traditional sexual relations are shown throughout the film, which meets the criteria of propaganda.” Another expert identified another “propaganda technique” in the film, which was “the formation of the image of a victim subjected to aggression from people of heterosexual orientation.”",
record_f1332b9f,5-2039/2024,2024,77,77RS0026,6.21.2_2,1077759854919,legal entity,fine (1000000),TV series (tv_series_001),court (77RS0026-02-2024-004902-16),,"The streaming service “Kinopoisk” was fined for distributing a series among minors, which, according to the court, contained scenes of “non-traditional sexual relations”. The court redacted the title of the series in the decision text. The judicial experts analysed the scene of the third episode of the series (48:52-49:05), which “contains a kiss between two individuals presented as persons of the same biological sex (female).” Their analysis was based on the “classification of kisses, which divides them into social and sensual, the latter differing depending on the types of feelings that lie behind the kissing signs (kisses of affection, kisses of tenderness, kisses of respect and kisses of love).” However, it is not specified how exactly the experts classified the kissing scene.",
record_35d21bfa,05-0654/271/2024,2024,77,77MS0271,6.21_3,321774600522061,official,fine (),"Queer venue, Web content (queer_venue_005)",court (77MS0271-01-2024-002075-98),https://web.archive.org/web/20260718055458/https://zona.media/news/2024/04/02/eyvazov,"The owner of the nightclub “Edem” was fined for publishing materials on the club’s website that constituted “propaganda of non-traditional sexual relations”. The ruling states that photographs published online showed “two women kissing each other, touching different parts of the body, including the chest,” which the court treated as “information aimed at forming non-traditional sexual attitudes and presenting such relations as attractive”. The same page also contained promotional descriptions of themed events, visitor statistics, and advertising language linked to adult parties. Particular attention was given to posters announcing “Night of Temptations”, a 21+ themed event, together with phrases such as “free entry for girls and couples” and programme titles including “Swinger Hot Party.” The court also cited the presence of club visitors in underwear and concluded that even the surrounding promotional language reinforced what it described as “the attractiveness of non-traditional sexuality”.",
record_46a753b8,5-837/2024-162,2024,78,78MS0161,6.21_3,official_0027,official,fine (200000),Film (245775),court (78MS0161-01-2024-003724-83),,"The deputy general director of the online streaming platform “Okko” was fined for distributing the film “Yves Saint Laurent” (Jalil Lespert, 2014). The court described 23 scenes in this film “touching on the topic of non-traditional sexual relations and (or) preferences”. Among these scenes are dialogs, “nonverbal prolonged glances”, kissing, hugging, and sexual interaction between “persons of the same biological sex”. The judicial expertise stated that the film presented “non-traditional sexual relationships as a basic condition for the development of a fashion designer's talent and the success of a fashion house, thereby aestheticizing non-traditional sexual relationships.” The time codes of the scenese mentioned by the court are: 00:09:27-00:10:35, 00:20:22-00:21:12, 00:22:14-00:23:25, 00:23:07-00:23:13, 00:14:25-00:14:30, 00:23:38-00:23:56, 00:26:15-00:26:28, 00:26:31-00:26:43, 00:29:52-00:30:52, 00:31:08-00:32:02, 00:42:29-00:42:41, 00:43:53-00:44:18, 00:49:49-00:50:29, 00:57:53-00:58:13, 00:58:18-00:58:20, 00:59:59-01:00:24, 01:03:34-01:04:27, 01:10:06-01:10:55, 01:14:21-01:15:05, 01:15:25-01:16:21, 01:17:10-01:18:19, 01:18:48- 01:19:09, 01:20:09-01:21:19.",
record_d8a9e2d0,5-1576/2024,2024,77,77RS0026,6.21.2_2,1027739549221,legal entity,fine (1000000),Film (471970),mass media (https://web.archive.org/web/20250807063715/https://www.forbes.ru/forbeslife/512613-pervyj-kanal-vsemirnaa-set-ostrafovali-za-pokaz-lgbt-kontenta-v-fil-me-dnuha); court (77RS0026-02-2024-003735-25),,"The company “Channel One. Worldwide”, a subdivision of the state-controlled federal TV channel that owns another TV channel, “Dom Kino”, was fined for airing the film “B-Day!” (Roman Karimov, 2018), labelled “16+”. According to the court, the film “contained conflict-provoking scenes touching on the topic of non-traditional sexual relations and/or preferences and should have been labelled 18+.” The exact scenes that constituted the violation are not specified.",
record_02380185,5-849/2024,2024,78,78RS0019,6.21_3,1167847381130,legal entity,fine (1000000),Film (245775),social media (https://web.archive.org/web/20260403105709/https://t.me/SPbGS/17659); court (78RS0019-01-2024-006941-18),https://web.archive.org/web/20240523190006/https://tass.ru/proisshestviya/20865433,"The online streaming platform “Okko” was fined for the film “Yves Saint Laurent” (Jalil Lespert, 2014). According to the Head of the St. Petersburg courts press office, there were multiple scenes identified in the film containing “propaganda of LGBT”, including these scenes: “two people of the same sex passionately kissing; '–What a cutie he is! –Forget it! He's into guys; -Where are the bedrooms?, -There's only one, -So you're together?, -Yes”; “two people of the same biological sex kissing, accompanied by a voice-over commentary 'I believed in the cult of fidelity, but with you everything happened incredibly quickly'.” The deputy general director of this streaming service was also fined for the same film (case 5-837/2024-162).",
record_ae720f92,05-2056/2024,2024,77,77RS0026,6.21.2_2,1197746708917,legal entity,fine (2000000),Film (605734),court (77RS0026-02-2024-004964-24),,"The streaming service “Premier” was fined for distributing the film “#Iamhere” (2019, Éric Lartigau). According to the ruling, the platform had disseminated “information demonstrating non-traditional sexual relations and (or) preferences, including description and depiction of non-traditional sexual relations and (or) preferences”. The exact scenes of the film in question are unclear.",
record_599a93d6,05-0796/2024,2024,77,77RS0026,6.21.2_2,1077758948112,legal entity,fine (1200000),TV series (127008),court (77RS0026-02-2024-001305-40),,"The streaming platform “IVI” was fined for distributing the South Korean TV series “The One and Only” (2021). The court held that the series contained scenes “demonstrating non-traditional sexual relations through the backstory of two female characters whose past romantic attachment is gradually revealed through memory scenes, dialogue, and visual detail”. According to the ruling, prohibited content included scenes in which one woman “gently strokes the hand” of another, memories of how the two women once planned “to leave together for one of the European countries so that they could avoid hiding their relationship from others,” and a later confrontation in which one character openly states: “We loved each other.” The court further stressed that “the totality of all the above-listed scenes … helps the recipient create a picture of non-traditional sexual relations,” and concluded that, given “the systemic thinking of the recipient,” these fragments constituted prohibited demonstration of same-sex relations.",
record_c528f145,5-130/2024,2024,42,42RS0040,6.21_1,individual_0086,individual,fine (50000),Public action (public_action_002),court (42RS0040-01-2024-001546-82),,"While inside a correctional facility, the defendant “engaged in propaganda of non-traditional sexual relations and sex change”. The exact actions are unclear.",
record_68f2bd83,05-0577/2024,2024,77,77RS0027,6.21_3,individual_0087,individual,fine (),Social media (social_media_040),court (77RS0027-02-2024-006254-78),,"An individual was fined for a VKontakte post published in 2022 on a personal profile “containing propaganda of non-traditional same-sex sexual relations, aimed at creating an attractiveness of non-traditional same-sex sexual relations”. The exact content that constituted the violation is unknown.",
record_2f27a2c6,05-2686/2024,2024,77,77RS0026,6.21_3,1237700009700,legal entity,fine (1000000),Unclear (unclear_005),court (77RS0026-02-2024-006991-54),https://web.archive.org/web/20260124190200/https://rb.ru/news/wink-kinopoisk-shtraf/,"The streaming service “Wink” was fined for distributing content that the court classified as propaganda of non-traditional sexual relations. The ruling stated that the platform had disseminated information “aimed at forming non-traditional sexual attitudes, creating the attractiveness of non-traditional sexual relations and preferences, and a distorted perception of the social equivalence of traditional and non-traditional sexual relations,” as well as imposing information capable of generating interest in such relations. The exact content that constituted the violation has been redacted in the court ruling.",
record_cbb910a8,5-2683/2024,2024,77,77RS0026,6.21_3,1077759854919,legal entity,fine (1500000),TV series (62688),court (77RS0026-02-2024-006986-69),https://web.archive.org/web/20260416204705/https://www.gazeta.ru/culture/news/2024/06/15/23252557.shtml?ysclid=mo1y7hf395376521960,"The streaming platform “Kinopoisk” was fined for the TV series “Supergirl” (Greg Berlanti, 2015), which, according to the court, contained scenes of “non-traditional sexual relations”. The exact scenes that constituted the violation are not specified.",
record_1da24f09,12-341/2024,2024,23,23RS0036,6.21_4,individual_0084,individual,fine (100000),Web content (web_content_003),court (23RS0036-01-2023-005664-39),,"An individual was fined for posting “images promoting non-traditional sexual orientations among minors.” The exact content is unclear. Initially, a magistrate issued a 300,000 RUB fine to the defendant. The higher instance judge reduced the amount because of such mitigating circumstances as “disability since childhood, presence of mental illness confirmed by medical documents.” In his appeal, the defendant argued that he could not write or read, and the police officers took advantage of it when charging him.",
record_843d29d7,5-205/2024,2024,16,16MS0026,6.21_1,individual_0109,individual,fine (50000),Social media (social_media_041),mass media (https://web.archive.org/web/20260521201241/https://verstka.media/zhitelya-kazani-s-invalidnostyu-oshtrafovali-iz-za-foto-s-dreg-kvin-shou); court (16MS0026-01-2024-001493-58),https://web.archive.org/web/20260726214047/https://verstka.media/zhitelya-kazani-s-invalidnostyu-oshtrafovali-iz-za-foto-s-dreg-kvin-shou,"The admin of the VKontakte page “Overheard at the Bar-club 'Slivki' Kazan 18+” was fined for publishing photos “promoting same-sex sexual relations (men kissing in women's clothing)”, according to the court. The judge stated that the defendant “promoted the ideology of the LGBT movement on the Internet, which is used, among other things, to destroy traditional spiritual and moral values”, and that the photos were “aimed at uniting supporters and coordinating the activities of the LGBT movement.” In court, the defendant explained that the photos were taken at “a parody theatre club where men dress up in women's clothing.” When imposing the fine, the judge took into account a mitigating circumstance – the defendant's disability.",
record_928a9373,5-638/2024,2024,23,23RS0031,6.21_7,individual_0040,individual,detention (1); expulsion,Dating profile (dating_profile_007),court (23RS0031-01-2024-006564-45),,"A Tajikistan national was fined and ordered to leave the country for posting a profile on a website with the nickname “Mika TS”, which authorities qualified as the dissemination of information demonstrating “non-traditional sexual relations”.",
record_f85d4f78,5-2054/2024,2024,77,77RS0026,6.21.2_2,1237700009700,legal entity,fine (1000000),Unclear (unclear_006),court (77RS0026-02-2024-004959-39),,The company “Restrim Media” that owns the streaming service “Wink” was fined for “information demonstrating non-traditional sexual relations and/or preferences to minors.” The court redacted references to the exact content that constituted the violation.,
record_84701b32,5-1-460/2024,2024,16,16MS0006,6.21_3,individual_0088,individual,fine (100000),Social media (social_media_042),court (16MS0006-01-2024-001770-84),https://web.archive.org/web/20260728071142/https://ovd.info/2024/07/30/dina-nurm,"An individual was fined for several Instagram posts that depicted two women kissing, embracing, and touching each other. The accompanying captions were: “This is an ad for my handbag with foxes”, “1 year V O, what a year it has been! Others don’t experience this much in five years. Thank you for making me happy,” as well as photographs labelled “Wife and wife.” Other posts showed the pair holding hands next to a white poster with wedding-ring illustrations and captions like “We have been together for 2 years. I love you,” “Three years! She came up with the name for this anniversary — Flirtovshchina© Thank you for being ebanuty [fucked up] together©,” and a photo of a couple embracing with the caption: “My little pumpkin, my sweet eclair, the syrup to my potatoes! Now you are also a woman 35+. Happy birthday.”","Пользовательница Инстаграма была оштрафована за несколько публикаций, на которых “представители женского пола, [...] целуются друг с другом, обнимаются, трогают друг друга за различные части тела”. Суд указал, что фотографии были подписаны так: “Это реклама моей сумочки с лисиками”, “1 год V О, что это был за год! Иным не удается столько пережить вместе за пять лет. Спасибо, что делаешь меня счастливой.” Также были дргуие фотографии: с “поцелуем в губы” и текстом “Жена и жена”; как пара держится за руки рядом с белым плакатом и изображениями обручальных колец с подписями “Нам 2 года. Я люблю тебя”, “Нам 3 года! Настя придумала название этой годовщине — Флиртовщина© Спасибо за being ebanuty вместе © V Ф”; как пара обнимается с подписью “Моя тыковка, любименький эклерчик, сиропчик к моей картошке! Теперь ты тоже женщина 35+ С днём рождения.”"
record_3454df9a,05-0487/2024,2024,77,77RS0021,6.21_5,individual_0037,individual,detention (15); expulsion,Public action (public_action_003),court (77RS0021-02-2024-014286-65),,"Two men were prosecuted for “promoting non-traditional sexual relations, which included oral sex in a public place” (see also case 05-0486/2024). The defendant in this case, a foreign national, was also ordered to leave the country.",
record_1859ffab,05-0486/2024,2024,77,77RS0021,6.21_5,individual_0038,individual,detention (),Public action (public_action_003),court (77RS0021-02-2024-014283-74),,"Two men were prosecuted for “promoting non-traditional sexual relations, which included oral sex in a public place” (see also case 05-0487/2024).",
record_c239abae,05-1059/2024,2024,77,77RS0027,6.21_3,individual_0046,individual,fine (200000),Social media (social_media_043),mass media (https://web.archive.org/web/20260407043400/https://zona.media/news/2024/08/15/morris); court (77RS0027-02-2024-012112-61),,"An LGBTQIA+ activist was fined for posts on VKontakte. The court stated that these posts “contained propaganda of non-traditional same-sex sexual relations aimed at forming attractiveness [to such relations].” According to the mass media, the posts were six pictures, “two of which depicted LGBT flags, another picture had a drawing of boys kissing, and the rest of the images were rainbow-colored.”","ЛГБТКИА+ активистка была оштрафована за публикации во ВКонтакте. Суд указал, что эти публикации содержали “пропаганду нетрадиционных однополых сексуальных отношений, направленную на формирование привлекательности [к таким отношениям]”. По данным СМИ, в этих постах было шесть изображений, “на двоих из них были флаги ЛГБТ, на еще одном снимке — рисунок с целующимися мальчиками, остальные изображения были окрашены цвета радуги”."
record_f0bf5009,5-2211/2024,2024,77,77RS0006,6.21_3,individual_0042,individual,fine (),Social media (social_media_044); Social media (social_media_257102cb); Social media (social_media_69572f86); Social media (social_media_7bf09831); Social media (social_media_52bade97); Social media (social_media_482b9013),court (77RS0006-02-2024-010463-10),,"A VKontakte user was fined for publishing six videos between 2012 and 2015: the music video “Cliffs Edge” by Hayley Kiyoko (2015) and other videos titled “boys kissing”, “Takumi-kun 2. Rainbow glow”, “U”, “Miles & Kyler”, “boys are being naughty”. The court pointed out that each of these videos depicted kisses either between two men or two women; these videos were “related to the promotion of non-traditional sexual relations of the LGBT community” and were of “an extremist nature”.",
record_fe79ba7e,05-1215/2024,2024,77,77RS0027,6.21_3,individual_0024,individual,fine (),Social media (social_media_045),court (77RS0027-02-2024-014339-73),https://web.archive.org/web/20260419235343/https://parniplus.com/news/milana-petrova-oshtrafovana-snova/,The blogger Milana Petrova was fined for “a thematic information post containing propaganda for non-traditional same-sex sexual relations” on her Telegram channel “PETROVA”. The exact content that constituted the violation is unknown. The amount of the fine has been redacted from the court ruling.,
record_f15f1fbd,7-13981/2024,2024,77,77OS0000,6.21.2_2,1167746480208,legal entity,fine (1000000),Music video (music_video_004); Music video (music_video_005),court (77RS0026-02-2023-019294-86),,"The company “DotDTechnology”, which owns the TV channel “Clubbing TV”, was fined for distributing two music videos. The court found them to contain material “demonstrating non-traditional sexual relations”. The titles of the music videos have been redacted in the court ruling.",
record_7582c90f,5-3306/2024,2024,77,77RS0026,6.21_3,1077759854919,legal entity,fine (3000000),Film (292431),mass media (https://web.archive.org/web/20260514114210/https://www.fontanka.ru/2024/09/10/74072246/); court (77RS0026-02-2024-009536-82),https://web.archive.org/web/20260514114210/https://www.fontanka.ru/2024/09/10/74072246/,"The streaming service “Kinopoisk” was fined for the film “Love” (Gaspar Noé, 2015). The judge stated that the “the propaganda of non-traditional sexual relations in the feature film is expressed through the formation of a positive image of people in non-traditional sexual relations.” The exact scenes that constituted the violation are not specified.",
record_28a5d9ba,5-3388/2024,2024,77,77RS0026,6.21.2_2,1217700348612,legal entity,fine (3000000),Film (262551),social media (https://web.archive.org/web/20250419064643/https://t.me/moscowcourts/4577); court (77RS0026-02-2024-009992-72),https://web.archive.org/web/20260214105959/https://www.m24.ru/news/sudy/10092024/724560,"The TV channel “START World” was fined for “demonstrating non-traditional sexual relations and/or preferences” by showing the film “Babysitting” (Philippe Lacheau, 2014), labelled “16+”. The judicial expertise identified two scenes in the film, which “depicted kisses between people of the same biological sex (female)”. According to the experts, “there was a sensual (non-conventional) kiss in the film, which is a demonstration of non-traditional sexual relations.”",
record_cb104acd,5-3513/2024,2024,77,77RS0026,6.21_3,1117746215201,legal entity,fine (3000000),TV series (86163),mass media (https://web.archive.org/web/20240924212515/https://tass.ru/proisshestviya/21829355); court (77RS0026-02-2024-010560-17),https://web.archive.org/web/20260418113327/https://tass.ru/proisshestviya/21829355,"The company “A Serial”, which owns the streaming service “Amediateka”, was fined for showing the first season of the series “Gentleman Jack” (Sally Wainwright, 2019). According to the court, the series “contained information promoting non-traditional sexual relations and/or preferences”. The exact scenes that constituted the violation are not specified.",
record_625321bb,5-1843/2024,2024,77,77RS0017,6.21_3,individual_0048,individual,fine (),Social media (social_media_046),court (77RS0017-02-2024-019966-18),,"An individual was fined for posting on his VKontakte profile. The authorities found an image in the “Saved photos” section, which “promoted non-traditional sexual relations” and “distorted representations of traditional relationships.” Images were deleted, and the exact content is unclear. The same individual was fined at least two times by the same judge on the same day for posting images.",
record_9d667ba0,5-1842/2024,2024,77,77RS0017,6.21_3,individual_0048,individual,fine (),Social media (social_media_047),court (77RS0017-02-2024-019965-21),,"An individual was fined for posting on his VKontakte profile. The authorities found an image in the “Saved photos” section, which “promoted non-traditional sexual relations” and “distorted representations of traditional relationships.” Images were deleted, and the exact content is unclear. The same individual was fined at least two times by the same judge on the same day for posting images.",
record_125e5c3f,5-1423/2024-162,2024,78,78MS0161,6.21.2_2,official_0027,official,fine (200000),TV series (80840); TV series (130273); TV series (127008),court (78MS0161-01-2024-004850-03),,"The deputy general director of the online streaming platform “Okko” was fined for distributing three TV series, labelled “16+”, which “contained a demonstration of non-traditional sexual relations and preferences”. In the TV series “Annika” (Nick Walker, 2021), court identified 4 scenes, in which characters “mention non-traditional sexual orientation”, and one of the scenes depicted two women kissing: 39:31-39:33 (episode 2); 38:26-38:45 (episode 4); 23:32-23:43 (episode 5); 00:28-00:30 (episode 6). In the series “The One and Only” (Moon Jung-min, 2021), the court mentioned 4 scenes, in one of them, a woman gently strokes the hand of another: 00:22:30-00:27:03, 00:45:45-00:46:00 (episode 9); 00:36:21-00:36:59 (episode 10); 00:17:05-00:18:38 (episode 11). In the series “My Dead Ex” (Drew Hancock, 2018), there were also four scenes mentioned, in which characters talk about “non-traditional sexual preferences”, women kissing, and a character comes out as a lesbian: 00:40-00:58 (episode 1); 14:40-15:11 (episode 4); 26:02-26:33 (episode 6); 15:56-17:20 (episode 8). The streaming platform was also fined for the same series (see case 5-253/2024).",
record_bcdd50f4,5-481/2024,2024,71,71RS0023,6.21_7,individual_0043,individual,fine (100000); expulsion,Social media (social_media_048),court (71RS0023-01-2024-004884-41),,"An Uzbekistan citizen was fined and ordered to leave the country for posting “text messages about the provision of intimate services for non-traditional relationships” on VKontakte. The court stated that the messages “promoted non-traditional sexual relations and preferences” because their author “has a homosexual position ('vers', 'pass'), sexual orientation - gay,” and they were accompanied by “a nude photo of a man offering non-traditional sexual relations.”",
record_06124aba,7-13946/2024,2024,77,77OS0000,6.21.2_2,1237700009700,legal entity,fine (),Film (711577); TV series (64122),court (77RS0026-02-2023-019395-74),,"The streaming service “Wink” was fined for distributing the movie “Danny's Game” (2016, Bill Cooper) and the TV series “The Shannara Chronicles” (2016). The court held that both titles, available with age ratings of 12+ and 16+, contained material “demonstrating non-traditional sexual relations” and therefore had been unlawfully made accessible to minors. The exact scenes that constituted the violation are unclear.",
record_6808977c,05-1318/2024,2024,77,77RS0027,6.21_3,individual_0039,individual,fine (),Dating profile (dating_profile_008),court (77RS0027-02-2024-015719-07),https://web.archive.org/web/20260313053501/https://novayagazeta.eu/articles/2024/12/01/byvshego-deputata-gosdumy-aleksandra-barannikova-oshtrafovali-za-propagandu-lgbt-povodom-stala-ego-stranichka-na-saite-znakomstv-dlia-geev-news,"A user of the dating app for gay men “Hornet” was fined for posting his photo on his dating profile, which, according to the court, constituted “propaganda of non-traditional same-sex sexual relations, including group ones”. The amount of the fine has been redacted from the court ruling.",
record_7756cdff,05-3307/2024,2024,77,77RS0026,6.21.2_2,1027739540146,legal entity,fine (3000000),Film (582923),social media (https://web.archive.org/web/20250214023208/https://t.me/moscowcourts/4956); court (77RS0026-02-2024-009537-79),,"The TV channel “TV-21M” was fined for broadcasting the film “The Girl with a Bracelet” (2020, Stéphane Demoustier). The court found that the film, aired three times with a 16+ label, “contained material demonstrating non-traditional sexual relations […] prohibited for minors”. The exact scenes that constituted the violation are not specified.",
record_8724a082,5-2179/2024,2024,77,77RS0017,6.21_3,individual_0044,individual,fine (),Social media (social_media_049),court (77RS0017-02-2024-023928-63),,An individual was fined after inspectors documented that she had posted on her VKontakte profile an image depicting “two men of the same sex kissing”. The exact content is unavailable. The same individual was fined at least three times by the same judge on the same day for posting images.,
record_be1c605f,5-2178/2024,2024,77,77RS0017,6.21_3,individual_0044,individual,fine (),Social media (social_media_050),court (77RS0017-02-2024-023927-66),,An individual was fined after inspectors documented that she had posted on her VKontakte profile an image depicting “two men of the same sex kissing”. The exact content is unavailable. The same individual was fined at least three times by the same judge on the same day for posting images.,
record_e4b3d13d,5-2180/2024,2024,77,77RS0017,6.21_3,individual_0044,individual,fine (),Social media (social_media_051),court (77RS0017-02-2024-023929-60),,An individual was fined after inspectors documented that she had posted on her VKontakte profile an image depicting “two men of the same sex kissing”. The exact content is unavailable. The same individual was fined at least three times by the same judge on the same day for posting images.,
record_2664c888,05-1599/2024,2024,77,77RS0027,6.21_3,individual_0081,individual,fine (),Social media (social_media_052),court (77RS0027-02-2024-018950-14),,"A VKontakte user was fined for textual posts. According to the court, they contained “propaganda of non-traditional same-sex sexual relations.” The court did not specify the exact content. The amount of the fine has also been redacted from the court ruling.","Пользовательница ВКонтакте была оштрафована за текстовые посты. По мнению суда, они содержали “пропаганду нетрадиционных однополых сексуальных отношений”. Суд не упомянул конкретный контент. Размер штрафа также был скрыт в постановлении."
record_d4df5fc7,5-526/2024,2024,76,76MS0023,6.21_1,individual_0115,individual,fine (50000),"Public action, Queer venue (public_action_014)",social media (https://vk.com/yaroblsud?w=wall-217444776_857); mass media (https://web.archive.org/web/20250815054258/https://meduza.io/news/2024/10/28/v-yaroslavle-siloviki-proveli-reyd-v-nochnom-klube-gde-prohodilo-dreg-shou-na-odnogo-iz-artistov-sostavili-protokol-o-propagande-lgbt#); court (76MS0023-01-2024-003947-85),,"An individual who attended a drag performance at a Halloween party in the nightclub “Dark Horse” in Yaroslavl  was fined after the police raided the club. The details of this case are unknown; the court did not publish the decision. The defendant appealed, but the decision was upheld by the Leninsky District Court of Yaroslavl (case 12-70/2025). The mass media reported that during the raid, the police forced the club's visitors to lie on the floor for several hours; some people were beaten; several performers were detained, and seven administrative cases were initiated. We found eight such cases on the court website, six of which resulted in a punishment. This is one of these cases.","Участник Хэллоуин вечеринки, во время которой проходило дрэг-шоу, в ночном клубе “Dark Horse” в Ярославле был оштрафован после полицейского рейда в этом клубе. Детали этого дела неизвестны; суд не опубликовал решение. Ответчик подал аппелляцию, но Ленинский районный суда Ярославля оставил решение в силе (дело 12-70/2025). СМИ сообщили, что во время рейда полицейские заставили посетителей клуба пролежать на полу несколько часов; некоторых людей били; некоторые артисты были задержаны, и было возбуждено семь административных дел. На сайте суда мы нашли восемь таких дел, по шести из ним были вынесены наказания. Это одно из них."
record_6062caa7,5-527/2024,2024,76,76MS0023,6.21_1,individual_0114,individual,fine (50000),"Public action, Queer venue (public_action_013)",social media (https://vk.com/yaroblsud?w=wall-217444776_857); mass media (https://web.archive.org/web/20250815054258/https://meduza.io/news/2024/10/28/v-yaroslavle-siloviki-proveli-reyd-v-nochnom-klube-gde-prohodilo-dreg-shou-na-odnogo-iz-artistov-sostavili-protokol-o-propagande-lgbt#); court (76MS0023-01-2024-003948-82),,"An individual who attended a drag performance at a Halloween party in the nightclub “Dark Horse” in Yaroslavl  was fined after the police raided the club. The details of this case are unknown; the court did not publish the decision. The mass media reported that during the raid, the police forced the club's visitors to lie on the floor for several hours; some people were beaten; several performers were detained, and seven administrative cases were initiated. We found eight such cases on the court website, six of which resulted in a punishment. This is one of these cases.","Участник Хэллоуин вечеринки, во время которой проходило дрэг-шоу, в ночном клубе “Dark Horse” в Ярославле был оштрафован после полицейского рейда в этом клубе. Детали этого дела неизвестны; суд не опубликовал решение. СМИ сообщили, что во время рейда полицейские заставили посетителей клуба пролежать на полу несколько часов; некоторых людей били; некоторые артисты были задержаны, и было возбуждено семь административных дел. На сайте суда мы нашли восемь таких дел, по шести из ним были вынесены наказания. Это одно из них."
record_aecc8eb9,5-528/2024,2024,76,76MS0023,6.21_1,individual_0113,individual,fine (50000),"Public action, Queer venue (public_action_012)",social media (https://vk.com/yaroblsud?w=wall-217444776_857); mass media (https://web.archive.org/web/20250815054258/https://meduza.io/news/2024/10/28/v-yaroslavle-siloviki-proveli-reyd-v-nochnom-klube-gde-prohodilo-dreg-shou-na-odnogo-iz-artistov-sostavili-protokol-o-propagande-lgbt#); court (76MS0023-01-2024-003949-79),,"An individual who attended a drag performance at a Halloween party in the nightclub “Dark Horse” in Yaroslavl  was fined after the police raided the club. The details of this case are unknown; the court did not publish the decision. The defendant appealed, but the decision was upheld by the Leninsky District Court of Yaroslavl (case 12-69/2025). The mass media reported that during the raid, the police forced the club's visitors to lie on the floor for several hours; some people were beaten; several performers were detained, and seven administrative cases were initiated. We found eight such cases on the court website, six of which resulted in a punishment. This is one of these cases.","Участник Хэллоуин вечеринки, во время которой проходило дрэг-шоу, в ночном клубе “Dark Horse” в Ярославле был оштрафован после полицейского рейда в этом клубе. Детали этого дела неизвестны; суд не опубликовал решение. Ответчик подал аппелляцию, но Ленинский районный суда Ярославля оставил решение в силе (дело 12-69/2025). СМИ сообщили, что во время рейда полицейские заставили посетителей клуба пролежать на полу несколько часов; некоторых людей били; некоторые артисты были задержаны, и было возбуждено семь административных дел. На сайте суда мы нашли восемь таких дел, по шести из ним были вынесены наказания. Это одно из них."
record_e19ea204,5-530/2024,2024,76,76MS0023,6.21_1,individual_0112,individual,fine (50000),"Public action, Queer venue (public_action_011)",social media (https://vk.com/yaroblsud?w=wall-217444776_857); mass media (https://web.archive.org/web/20250815054258/https://meduza.io/news/2024/10/28/v-yaroslavle-siloviki-proveli-reyd-v-nochnom-klube-gde-prohodilo-dreg-shou-na-odnogo-iz-artistov-sostavili-protokol-o-propagande-lgbt#); court (76MS0023-01-2024-003951-73),,"An individual who attended a drag performance at a Halloween party in the nightclub “Dark Horse” in Yaroslavl  was fined after the police raided the club. The details of this case are unknown; the court did not publish the decision. The defendant appealed, but the decision was upheld by the Leninsky District Court of Yaroslavl (case 12-71/2025). The mass media reported that during the raid, the police forced the club's visitors to lie on the floor for several hours; some people were beaten; several performers were detained, and seven administrative cases were initiated. We found eight such cases on the court website, six of which resulted in a punishment. This is one of these cases.","Участник Хэллоуин вечеринки, во время которой проходило дрэг-шоу, в ночном клубе “Dark Horse” в Ярославле был оштрафован после полицейского рейда в этом клубе. Детали этого дела неизвестны; суд не опубликовал решение. Ответчик подал апелляцию, но Ленинский районный суд Ярославля оставил решение в силе (дело 12-71/2025). СМИ сообщили, что во время рейда полицейские заставили посетителей клуба пролежать на полу несколько часов; некоторых людей били; некоторые артисты были задержаны, и было возбуждено семь административных дел. На сайте суда мы нашли восемь таких дел, по шести из ним были вынесены наказания. Это одно из них."
record_a66d47a6,5-531/2024,2024,76,76MS0023,6.21_1,individual_0111,individual,fine (50000),"Public action, Queer venue (public_action_010)",social media (https://vk.com/yaroblsud?w=wall-217444776_857); mass media (https://web.archive.org/web/20250815054258/https://meduza.io/news/2024/10/28/v-yaroslavle-siloviki-proveli-reyd-v-nochnom-klube-gde-prohodilo-dreg-shou-na-odnogo-iz-artistov-sostavili-protokol-o-propagande-lgbt#); court (76MS0023-01-2024-003952-70),,"An individual who attended a drag performance at a Halloween party in the nightclub “Dark Horse” in Yaroslavl was fined after the police raided the club. The details of this case are unknown; the court did not publish the decision. The mass media reported that during the raid, the police forced the club's visitors to lie on the floor for several hours; some people were beaten; several performers were detained, and seven administrative cases were initiated. We found eight such cases on the court website, six of which resulted in a punishment. This is one of these cases.","Участник Хэллоуин вечеринки, во время которой проходило дрэг-шоу, в ночном клубе “Dark Horse” в Ярославле был оштрафован после полицейского рейда в этом клубе. Детали этого дела неизвестны; суд не опубликовал решение. СМИ сообщили, что во время рейда полицейские заставили посетителей клуба пролежать на полу несколько часов; некоторых людей били; некоторые артисты были задержаны, и было возбуждено семь административных дел. На сайте суда мы нашли восемь таких дел, по шести из ним были вынесены наказания. Это одно из них."
record_50ca2710,5-4093/2024,2024,77,77RS0026,6.21_3,1077759854919,legal entity,fine (3000000),TV series (79460),mass media (https://web.archive.org/web/20241126174002/https://tass.ru/obschestvo/22503475); court (77RS0026-02-2024-013736-92),https://web.archive.org/web/20241126174002/https://tass.ru/obschestvo/22503475,"The streaming service “Kinopoisk” was fined for the series “Legacies” (Julie Plec, 2018). As the judicial experts explained, “non-traditional sexual relationships and preferences in the series are approved through the support and acceptance of such unions by the series’ characters, without condemning such relationships [...] the series is aimed at forming a positive attitude towards non-traditional sexual relationships and preferences, as well as their romanticisation through the use of artistic and psychological techniques and means.”",
record_5d35e7e6,5-152/2024,2024,89,89RS0006,6.21_4,1067746062449,legal entity,fine (3000000),Book (book_002); Book (OL40980640W); Merchandise (merch_006); Merchandise (merch_007); Merchandise (merch_008); Merchandise (merch_009),court (89RS0006-01-2024-001365-88),,"The online marketplace “Wildberries” was fined for selling sex toys online, as well as other products containing references to “non-traditional sexual relations”, such as the books “Straight Talk About Homosexuality. The Other Side of Tolerance” (Richard Cohen, 2010) and “Violent Love” (Gerry Oster, 1991).",
record_4400eabf,12-2084/2024,2024,77,77RS0004,6.21_3,individual_0077,individual,fine (),Social media (social_media_057),mass media (https://web.archive.org/web/20251014223810/https://novayagazeta.ru/articles/2024/11/05/studentku-mgu-oshtrafovali-na-polmilliona-rublei-za-sokhranennye-v-2019-godu-izobrazheniia-zhenskikh-par-i-mem-s-kotom-news); court (77MS0222-01-2024-002691-71),,"A VKontakte user was fined for publishing a picture of “two kissing women and symbols similar to those of the extremist organisation 'LGBT movement'” in 2019. The court described the picture as “two women standing next to each other, kissing in the courtyard of a residential building, covered with a cloth consisting of stripes placed on top in the order: red, orange, yellow, green, blue, purple.” The judicial expert concluded that the picture depicts positevely “non-traditional sexual relations (not between a man and a woman), [...] it is expressed visually (the viewer is shown that this is beautiful, aesthetically pleasing, and therefore good and acceptable); [...] sexual relations not between a man and a woman are presented as acceptable for public display, on par with heterosexual ones.” The exact picture is unknown. The same individual was fined five times on the same day by the same court for publishing pictures on VK. The media reported that the first-instance court imposed a 100,000 RUB fine for each case. The higher-instance court reduced the fine, but the amount is unknown.",
record_bae4a8d3,12-2085/2024,2024,77,77RS0004,6.21_3,individual_0077,individual,fine (),Social media (social_media_053),mass media (https://web.archive.org/web/20251014223810/https://novayagazeta.ru/articles/2024/11/05/studentku-mgu-oshtrafovali-na-polmilliona-rublei-za-sokhranennye-v-2019-godu-izobrazheniia-zhenskikh-par-i-mem-s-kotom-news); court (77MS0222-01-2024-002692-68),,"A VKontakte user was fined for publishing a picture of “two women kissing in front of a flag with the symbols of the extremist organisation 'LGBT movement'” in 2019. The court described the picture as “in the foreground, two womem are shown facing each other in close proximity; in the background, a canvas is partially displayed, on which stripes are visible, the colors of which go from top to bottom - red, orange, yellow, green.” The judicial expert concluded that the picture depicts positevely “non-traditional sexual relations (not between a man and a woman), [...] it is expressed visually (the viewer is shown that this is beautiful, aesthetically pleasing, and therefore good and acceptable); [...] sexual relations not between a man and a woman are presented as acceptable for public display, on par with heterosexual ones.” The exact picture is unknown. The same individual was fined five times on the same day by the same court for publishing pictures on VK. The media reported that the first-instance court imposed a 100,000 RUB fine for each case. The higher-instance court reduced the fine, but the amount is unknown. ",
record_c282acec,12-2086/2024,2024,77,77RS0004,6.21_3,individual_0077,individual,fine (),Social media (social_media_054),mass media (https://web.archive.org/web/20251014223810/https://novayagazeta.ru/articles/2024/11/05/studentku-mgu-oshtrafovali-na-polmilliona-rublei-za-sokhranennye-v-2019-godu-izobrazheniia-zhenskikh-par-i-mem-s-kotom-news); court (77MS0222-01-2024-002693-65),https://web.archive.org/web/20241104232101/https://legibility-tingled-613777.appspot.com/news/500-tysyach-za-sohranyonki,"A VKontakte user was fined for publishing a meme in 2019: “a picture depicting a cat holding a flag in its mouth; The flag consists of six stripes, the colors of which run from top to bottom: red, orange, yellow, green, blue, and purple; At the bottom of the photograph is the text 'naturalu po ***(expletive)' ['smack a straight guy in the face'].” The court mentioned tha tthe flag was a “symbol of the extremist organisation 'LGBT movement'”. The judicial expert concluded that the picture depicts positevely “non-traditional sexual relations (not between a man and a woman), which is expressed through a call to action to defend non-traditional relationships against the 'straights' as worthy of being recognized and valued more highly than 'straight' relationships; [...] sexual relationships not between a man and a woman are presented as acceptable for the forceful assertion of one's right to them against heterosexuals.” The same individual was fined five times on the same day by the same court for publishing pictures on VK. The media reported that the first-instance court imposed a 100,000 RUB fine for each case. The higher-instance court reduced the fine, but the amount is unknown.",
record_3fff70fd,12-2087/2024,2024,77,77RS0004,6.21_3,individual_0077,individual,fine (),Social media (social_media_055),mass media (https://web.archive.org/web/20251014223810/https://novayagazeta.ru/articles/2024/11/05/studentku-mgu-oshtrafovali-na-polmilliona-rublei-za-sokhranennye-v-2019-godu-izobrazheniia-zhenskikh-par-i-mem-s-kotom-news); court (77MS0222-01-2024-002694-62),,"A VKontakte user was fined for publishing a picture of “two women, one of whom is kissing the other, and symbols similar to those of the extremist organisation 'LGBT movement'” in 2019. The court described the content of the picture: “in the lower left corner are two women, one of whom is kneeling, holding a rose in her left hand and placing a ring on the other woman's finger; in the upper right corner, one women is kissing the other women on the cheek; in the left corner, [...] there is a pattern of stripes [...] red, orange, yellow, green, blue, and purple; in the lower right corner, [...] there is the text 'yes, I am from Russia'.” The judicial expert concluded that the picture depicts positevely “non-traditional sexual relations (not between a man and a woman), [...] it is expressed visually (the viewer is shown that it is beautiful, youthful, fashionable, modern, daring, informal, it is a challenge and therefore good and acceptable); [...] sexual relations not between a man and a woman are presented as acceptable for public display on an equal basis with heterosexual relations”. The exact picture is unknown. The same individual was fined five times on the same day by the same court for publishing pictures on VK. The media reported that the first-instance court imposed a 100,000 RUB fine for each case. The higher-instance court reduced the fine, but the amount is unknown.",
record_f2da15a6,12-2088/2024,2024,77,77RS0004,6.21_3,individual_0077,individual,fine (),Social media (social_media_056),mass media (https://web.archive.org/web/20251014223810/https://novayagazeta.ru/articles/2024/11/05/studentku-mgu-oshtrafovali-na-polmilliona-rublei-za-sokhranennye-v-2019-godu-izobrazheniia-zhenskikh-par-i-mem-s-kotom-news); court (77MS0222-01-2024-002695-59),,"A VKontakte user was fined for publishing a picture of “two women on the backdrop of a flag, which is the symbol of the extremist organisation 'LGBT movement'” in 2019. The court described the content of the picture: “two women standing opposite each other in a public place against the backdrop of a flag consisting of six stripes, the colors of which, from top to bottom, are red, orange, yellow, green, blue, and purple; the women' faces are turned toward each other, their mouths open and their tongues sticking out.” The judicial expert concluded that the picture depicts positevely “non-traditional sexual relations (not between a man and a woman), [...] it is expressed visually (the viewer is shown that this is beautiful, aesthetically pleasing, and therefore good and acceptable); [...] sexual relations not between a man and a woman are presented as acceptable for public display, on par with heterosexual ones.” The exact picture is unknown. The same individual was fined five times on the same day by the same court for publishing pictures on VK. The media reported that the first-instance court imposed a 100,000 RUB fine for each case. The higher-instance court reduced the fine, but the amount is unknown.",
record_cbb84503,5-3231/2024,2024,77,77RS0006,6.21_3,individual_0041,individual,fine (),Social media (social_media_058); Social media (social_media_03146ab0); Social media (social_media_4cf47bb3),court (77RS0006-02-2024-015351-90),https://web.archive.org/web/20260414191511/https://parniplus.com/news/ekstremizm-gej-porno-propaganda/,"A VKontakte user was fined for publishing three videos, two of which were pornographic (“sex between a man and a MAN”), and another one depicted “kisses between a guy and a guy”, published in 2010. The court stated that these videos were “related to the promotion of non-traditional sexual relations of the LGBT community” and were of “an extremist nature”.","Пользователь ВКонтакте был оштрафован за публикацию трёх видеороликов, два из которых были порнографическими (“секс между мужчиной и МУЖЧИНОЙ”), а ещё один, опубликованный в 2010, изображал “поцелуи между парнем и парнем”. Суд указал, что эти видеоролики “экстремистского содержания” и относятся к “пропаганде нетрадиционных сексуальных отношений ЛГБТ сообщества”."
record_6abad1c8,5-3229/2024,2024,77,77RS0006,6.21_2,individual_0045,individual,fine (),Social media (social_media_059),court (77RS0006-02-2024-015282-06),,"An individual was fined for posting a video on Telegram of himself climbing on a sculpture group “Metrostroevtsy” and kissing a male figure on the lips, which authorities qualified as the dissemination of information demonstrating non-traditional sexual relations. According to the judicial expertise, “the said video contains signs of propaganda of non-traditional sexual preferences, namely sexual relations directed at an inanimate object, as well as a realistic depiction of a person of the same sex as the participant in the action.”",
record_00fd89df,5-0693/17/2024,2024,92,92MS0017,6.21_3,individual_0116,individual,fine (120000),Social media (social_media_121); Social media (social_media_3d8a0f3d); Social media (social_media_93f780d0); Social media (social_media_4a66bad0),mass media (https://web.archive.org/web/20260722100309/https://zona.media/news/2025/01/10/sotrudnik_xlebzavoda); social media (https://web.archive.org/web/20250906152913/https://t.me/umvd_92/10033); court,https://web.archive.org/web/20260731134404/https://news.ru/regions/v-rossijskom-gorode-pekarya-oshtrafovali-za-propagandu-lgbt; https://web.archive.org/web/20260731135948/https://stv92.ru/news/news-7746/,"A VKontakte user was fined for posting pictures and texts. The Department of the Ministry of Internal Affairs in Sevastopol (MVD) stated that this individual “in his free time, was not only interested in non-traditional sexual relationships, but also actively promoted them on social media.” MVD also shared the screenshots of the individual's VK page, which the court found to be “propaganda”. On these screenshots, there are four posts made in 2020; there are such texts as “Gay guys are cool, love you”,  “I'm happy that I'm gay, the USA are super, it's the homeland of LGBT”, “Yes to gays and LGBT all over the world”, and “Here is the guy of my dreams [...]” accompanied with a reposted picture.","Пользователь ВКонтакте был оштрафован за публикацию фотографий и текстовых постов. Управление МВД в Севастополе заявило, что этот человек “в свободное от работы время не только интересовался нетрадиционными сексуальными отношениями, но и активно пропагандировал их в социальных сетях.” МВД также опубликовало скриншоты ВК страницы, которые суд признал “пропагандой”. На этих скриншотах видно четыре поста, опубликованных в 2020; на них есть такие тексты, как “Парни геи это класс люблю вас”, “Я щастлив что я гей США вы супер это родина ЛГБТ”, “Да геям и ЛГБТ во всем мире”, “Вот парень мечты [...]” с репостом изображения."
record_38dcc898,05-1326/374/2024,2024,77,77MS0374,6.21.2_2,official_0040,official,fine (200000),TV programme (tv_programme_002),court (77MS0374-01-2024-004913-93),https://web.archive.org/web/20260731141019/https://verstka.media/prodyusera-telekanala-tv-czentr-oshtrafovali-po-state-o-demonstraczii-lgbt-otnoshenij-iz-za-kadrov-s-tennisistkoj-martinoj-navratilovoj,"The deputy director and producer of the TV channel “TV Tsentr – Moscow” was fined for “broadcasting a programme demonstrating non-traditional sexual relationships and preferences”, labelled “16+”. It was the episode “The beauty queens” of the programme “The Nineties” (2016), which showed photos of Martina Navratilova, a tennis player, with her wife. The TV channel was also fined for the same programme (see case 05-0067/2025).",
record_298fede9,5-58/2025,2025,23,23RS0031,6.21_7,individual_0094,individual,detention (1); expulsion,Dating profile (dating_profile_009),court (23RS0031-01-2025-000490-47),https://web.archive.org/web/20260720232334/https://zona.media/news/2025/02/21/krasnodar,"An Uzbekistan citizen was detained for one day and ordered to leave the country for publishing a profile on a website for sex services. According to the court, on this website, this individual “carried out propaganda of non-traditional sexual relations and preferences for sex change, committed among minors.” The exact content that constituted the violation is unknown.",
record_d1ed7fcb,5-0021/16/2025,2025,92,92MS0016,6.21_3,individual_0050,individual,fine (50000),Social media (social_media_060),court,https://web.archive.org/web/20260511085718/https://theins.ru/news/278409,"An individual was fined for posting a meme on VKontakte, which depicted a drawing of Quentin Tarantino with a quote attributed to him, “Making movies and not children is my motto”. In court, the defendant explained that she had uploaded the image in 2021 because she liked Tarantino and, at that time, associated the quotation with prioritising work over family rather than rejecting parenthood. She also stated that she had lost access to the account in 2022 and could not delete the post. This ruling has been reported as the first known fine imposed under Russia’s ban on the so-called “childfree propaganda,” introduced by the November 2024 amendments to Article 6.21.",
record_82742d5b,5-32/2025,2025,42,42RS0009,6.21_1,individual_0057,individual,fine (50000),Social media (social_media_061),court (42RS0009-01-2025-000277-19),,An individual was fined for content posted on a VKontakte profile that was flagged during police monitoring and classified as online promotion of “non-traditional sexual relations”. The exact image is unclear.,
record_df007480,5-145/2025,2025,23,23RS0031,6.21_7,individual_0058,individual,fine (100000); expulsion,Dating profile (dating_profile_010),court (23RS0031-01-2025-001303-33),,"A Kyrgyzstan citizen was fined and ordered to leave the country for publishing a profile on a website for sex services. According to the court, this individual “promoted non-traditional sexual relations and preferences for sex change.” The exact content that constituted the violation is unknown.",
record_da34f542,05-0100/2025,2025,77,77RS0027,6.21_3,individual_0102,individual,fine (),Social media (social_media_062),court (77RS0027-02-2025-002021-86),,"A Telegram user was fined after prosecutors identified a video featuring the defendant on a channel titled “ЦБ НЕ МИТ.” The ruling states only that the video contained “propaganda of non-traditional same-sex relations” and promoted their attractiveness, but provides no description of the content. The material came to official attention during a separate review of allegedly extremist content.","Пользователь Телеграма был оштрафован за видео со своим участием опубликованом в канале под названием “ЦБ НЕ МИТ”. Сотрудники МВД нашли это видео во время проверки “экстремистских материалов” в интренете. Решение суда указывает только на то, что видео содержало “пропаганду нетрадиционных однополых сексуальных отношений”, но не предоставляет описание самого видео."
record_4208b34f,05-0067/2025,2025,77,77RS0026,6.21.2_2,1027739048281,legal entity,fine (1000000),TV programme (tv_programme_002),social media (https://web.archive.org/web/20260113023557/https://t.me/moscowcourts/5920); court (77RS0026-02-2025-000169-69),https://web.archive.org/web/20260731135928/https://www.rbc.ru/society/11/01/2025/6781a5509a7947678a906535,"The TV channel “TV Tsentr – Moscow” was fined for broadcasting the programme “The Nineties” (2016). According to the court, the episode “The beauty queens” demonstrated “non-traditional sexual relations and/or preferences” in the scene, in which two women embracing and kissing: “In 2009, the fifty-two-year-old world tennis star announced that she had found herself a new girlfriend [...] two years later, she said that, with the help of her beloved, she had overcome a terrible illness and proposed marriage. The women entered into a happy marriage...” Earlier, the TV channel's deputy director was also fined for broadcasting this programme (see case 05-1326/374/2024).",
record_dfe1eec5,5-91/2025,2025,66,66RS0007,6.21_7,individual_0090,individual,detention (10); expulsion,Social media (social_media_063),court (66RS0007-01-2025-001413-94),,"A Tajikistan citizen was detained for 10 days and ordered to leave the country for posts on Telegram, which, according to the court, were “aimed at developing non-traditional sexual attitudes.” The court stated that in these posts the defendant “offered intimate services, posing as a 'transsexual', a person who partially changed sex.” The exact content that constituted the violation is unknown.",
record_84d23455,5-92/2025,2025,66,66RS0007,6.21_7,individual_0056,individual,detention (10); expulsion,Social media (social_media_064),court (66RS0007-01-2025-001414-91),,"A foreign individual from Tajikistan was prosecuted after police inspected his Telegram account and concluded that the content published there amounted to “propaganda of non-traditional sexual relations”. According to the inspection record, police found that the account was not only storing material but also advertising intimate services: the judgment states that the defendant presented himself as an “active bisexual” and offered “both heterosexual and homosexual services” through private messages on Telegram.",
record_dbeb794d,5-0248/2025,2025,77,77RS0017,6.21_3,individual_0097,individual,fine (100000),Social media (social_media_066),mass media (https://web.archive.org/web/20260515010432/https://zona.media/news/2025/03/17/gavrish); court (77RS0017-02-2025-004292-11),,"A VKontakte user was fined for publishing a picture depicting “two women promoting non-traditional sexual relations.” The judicial expert stated that the picture “contained psychological and linguistic signs of propaganda of non-traditional sexual relations, that is, it is expressed in the popularisation and drawing attention to same-sex female relationships.” The amount of the fine has been redacted from the court ruling. The same individual was fined by the same judge on the same day at least three times for similar pictures on VK (see also 5-0249/2025, 5-0250/2025).",
record_44877c04,5-0249/2025,2025,77,77RS0017,6.21_3,individual_0097,individual,fine (100000),Social media (social_media_065),mass media (https://web.archive.org/web/20260515010432/https://zona.media/news/2025/03/17/gavrish); court (77RS0017-02-2025-004293-08),,"A VKontakte user was fined for publishing a picture depicting “two women promoting non-traditional sexual relations.” The judicial expert stated that the picture “contained psychological and linguistic signs of propaganda of non-traditional sexual relations, that is, it is expressed in the popularisation and drawing attention to same-sex female relationships.” The amount of the fine has been redacted from the court ruling. The same individual was fined by the same judge on the same day at least three times for similar pictures on VK (see also 5-0248/2025, 5-0250/2025).",
record_15578616,5-0250/2025,2025,77,77RS0017,6.21_3,individual_0097,individual,fine (100000),Social media (social_media_067),mass media (https://web.archive.org/web/20260515010432/https://zona.media/news/2025/03/17/gavrish); court (77RS0017-02-2025-004294-05),,"A VKontakte user was fined for publishing a picture depicting “two women promoting non-traditional sexual relations.” The judicial expert stated that the picture “contained psychological and linguistic signs of propaganda of non-traditional sexual relations, that is, it is expressed in the popularisation and drawing attention to same-sex female relationships.” The amount of the fine has been redacted from the court ruling. The same individual was fined by the same judge on the same day at least three times for similar pictures on VK (see also 5-0248/2025, 5-0249/2025).",
record_7c555084,5-0264/2025,2025,77,77RS0017,6.21_3,individual_0095,individual,fine (),Social media (social_media_068),court (77RS0017-02-2025-004635-49),,"A VKontakte user was fined for publishing a picture in 2018, which depicted “kissing women bathing together half-naked in a bathtub.” As the judicial expert concluded, this image “contained psychological and linguistic signs of propaganda of non-traditional sexual relations, expressed in attracting interest and forming sexual attitudes towards non-traditional sexual relations.” The amount of the fine has been redacted from the court ruling. The same individual was fined by the same judge on the same day at least twice for pictures on VK (see also 5-0265/2025).",
record_cc4999b2,5-0265/2025,2025,77,77RS0017,6.21_3,individual_0095,individual,fine (),Social media (social_media_069),court (77RS0017-02-2025-004636-46),,"A VKontakte user was fined for publishing a picture in 2016, which depicted “underage males kissing” with the caption “Like if you're tolerant of the younger generation”. As the judicial expert concluded, this image “contained psychological and linguistic signs of propaganda of non-traditional sexual relations (homosexualism), expressed in attracting interest and forming sexual attitudes towards non-traditional sexual relations.” The amount of the fine has been redacted from the court ruling. The same individual was fined by the same judge on the same day at least twice for pictures on VK (see also 5-0264/2025).",
record_193d85f3,5-207/2025,2025,77,77MS0190,6.21_3,individual_0062,individual,fine (100000),Social media (social_media_070); Social media (social_media_d9ac4a35); Social media (social_media_e2b5680d),court (77MS0190-01-2025-000652-43),,"A VKontakte user was fined for three videos published on his personal page in 2011. The court found these videos “extremist” and “containing signs of propaganda of non-traditional sexual relations or preferences related to the LGBT community”, because they depicted “kisses between a man and a man”.","Пользователь ВКонтакте был оштрафован за три видеоролика, опубликованные на его личной странице в 2011 году. Суд указал, что эти видеозаписи “экстремистского содержания” и “содержат признаки пропаганды нетрадиционных сексуальных отношений или предпочтений, относящиеся к ЛГБТ сообществу”, поскольку они изображали “поцелуи между мужчиной и мужчиной”."
record_2c8f19ca,5-0297/2025,2025,77,77RS0017,6.21_3,individual_0098,individual,fine (),Social media (social_media_071),court (77RS0017-02-2025-005236-89),https://web.archive.org/web/20260427211913/https://verstka.media/v-rossii-priznali-propagandoj-lgbt-fotografiyu-gruppy-queen,"A VKontakte user was fined for “pictures of men dressed in women's clothing and accessories (children's hair clips)”. According to the judicial expertise, these pictures “contained psychological and linguistic signs of propaganda of non-traditional sexual relations (male homosexuality) and non-traditional sexual preferences (transvestism, transsexualism),” and that the author had “communicative goal to attract interest and form sexual attitudes, readiness for non-traditional sexual preferences and relationships.” The exact pictures are unknown. This individual was fined three times for publishing pictures on VK by the same judge on the same day.",
record_96584e99,5-0298/2025,2025,77,77RS0017,6.21_3,individual_0098,individual,fine (),Social media (social_media_072),court (77RS0017-02-2025-005237-86),https://web.archive.org/web/20260427211913/https://verstka.media/v-rossii-priznali-propagandoj-lgbt-fotografiyu-gruppy-queen,"A VKontakte user was fined for a picture of “kissing men”. According to the judicial expertise, this picture “contained psychological and linguistic signs of propaganda of non-traditional sexual relations (male homosexuality) and non-traditional sexual preferences (transvestism, transsexualism),” and that the author had “communicative goal to attract interest and form sexual attitudes, readiness for non-traditional sexual preferences and relationships.” The exact picture is unknown. This individual was fined three times for publishing pictures on VK by the same judge on the same day.",
record_ab68dc5b,5-0299/2025,2025,77,77RS0017,6.21_4,individual_0098,individual,fine (),Social media (social_media_073),court (77RS0017-02-2025-005238-83),https://web.archive.org/web/20260427211913/https://verstka.media/v-rossii-priznali-propagandoj-lgbt-fotografiyu-gruppy-queen,"A VKontakte user was fined for pictures of “men dressed in women's clothing”. According to the judicial expertise, this picture “contained psychological and linguistic signs of propaganda of non-traditional sexual relations (male homosexuality) and non-traditional sexual preferences (transvestism, transsexualism),” and that the author had “communicative goal to attract interest and form sexual attitudes, readiness for non-traditional sexual preferences and relationships.” The defendant explained that the picture depicted the band Queen during the filming of their music video “I Want to Break Free” (1984). The judge stated that “publishing this picture did not have any musical purpose given the overall meaning”. This individual was fined three times for publishing pictures on VK by the same judge on the same day.",
record_a1fc4be8,5-20/2025,2025,23,23MS0060,6.21_1,individual_0049,individual,fine (50000),Public action (public_action_004),court (23MS0060-01-2025-000109-18),,"Two women were fined for “propaganda of non-traditional sexual preferences” because they “publicly kissed in a nightclub, showing signs of sexual attraction” (see also case 5-21/2025).","Две женщины были оштрафованы за “пропаганду нетрадиционных сексуальных предпочтений” за то, что они публично целовались в ночном клубе, “проявляя признаки сексуального влечения” (см. также дело 5-21/2025)."
record_1425ee78,5-21/2025,2025,23,23MS0060,6.21_1,individual_0071,individual,fine (50000),Public action (public_action_004),court (23MS0060-01-2025-000110-15),,"Two women were fined for “propaganda of non-traditional sexual preferences” because they “publicly kissed in a nightclub, showing signs of sexual attraction” (see also case 5-20/2025).","Две женщины были оштрафованы за “пропаганду нетрадиционных сексуальных предпочтений” за то, что они публично целовались в ночном клубе, “проявляя признаки сексуального влечения” (см. также дело 5-20/2025)."
record_d2618c4c,5-113/2025,2025,34,34RS0019,6.21_7,individual_0099,individual,fine (),Web content (web_content_004),mass media (https://web.archive.org/web/20250617185222/https://t.me/s/horizontal_russia/46925); court (34RS0019-01-2025-001862-75),,"According to the media, a Ukrainian national was fined for promoting “non-traditional sexual relations” online. This individual has already faced pressure from the authorities before for criticising the quality of roads in the Volgograd region. The details of the case are unknown. The court did not publish the text of the court decision.",
record_c3e98e52,5-683/2025-162,2025,78,78MS0161,6.21.2_2,official_0027,official,fine (200000),Film (612294),mass media (https://web.archive.org/web/20260516054620/https://zona.media/news/2025/04/28/okko); court (78MS0161-01-2025-001211-72),https://web.archive.org/web/20260411111809/https://parniplus.com/news/okko-pohishhenie-101/,"The deputy general director of the online streaming platform “Okko” was fined for distributing the film “Abduction 101” (Steve Noir, Robin Entreinger, 2019). According to Roskomnadzor, the Russian mass media regulator, this film demonstrated “non-traditional sexual relations and (or) preferences.” It is not specified what scenes exactly constituted the violation. The mass media reported that a case was initiated against the company that owns the platform for the same film.",
record_23a99716,5-48-80/2025,2025,91,91MS0048,6.21_3,individual_0070,individual,fine (100000),Social media (social_media_074); Social media (social_media_372da018); Social media (social_media_d1927c33); Social media (social_media_57bc0ffa); Social media (social_media_e00046b3),court,https://web.archive.org/web/20260404201619/https://verstka.media/zhitelniczu-kerchi-oshtrafovali-po-state-o-propagande-lgbt-iz-za-memov-s-muzhchinami-v-svadebnyh-platyah#,"A VKontakte user was fined for posting four images and a video. The four images were memes depicting “men in women's wedding dresses with the text: Why should I ask you out? I was waiting for you to make the first move. Let's split the bill. Prove and show that you need me.” The video depicted “two women on a bed kissing naked.” As the court stated, these materials “promoted non-traditional sexual relations” because the images “showed the appearance of men, which [...] culturally in Russia does not correspond to the image of a man of traditional sexual orientation”, and the video demonstrated “acceptability of sexual interaction between members of the same biological sex.” The defendant appealed the decision, but the higher instance upheld it.","Пользовательница ВКонтакте была оштрафована за публикацию четырёх изображений и одного видеоролика. Четыре изображения – это мемы с мужчинами в свадебных платьях и подписями: “Почему я должен приглашать на свидание?”, “Я ждал от тебя первого шага”, “Давай счет пополам”, “Докажи и покажи, что я нужен тебе”. На видео, согласно материалам дела, были изображены “две девушки на кровати целующиеся в обнаженном виде”. Суд пришёл к выводу, что этот контент “пропагандировал нетрадиционные сексуальные отношения”, поскольку изображения “показывают внешний вид мужчин, с существенными признаками образа, культурально в России не соответствующего образу мужчины традиционной половой ориентации”, а видео “допускает сексуальное взаимодействие между представителями одного биологического пола”. Постановление было обжаловано, но вышестоящая инстанция оставила его без изменения."
record_bafdf4fa,5-222/2025,2025,77,77MS0190,6.21_3,individual_0091,individual,fine (100000),Social media (social_media_075); Social media (social_media_dc857f52); Social media (social_media_cf89cf45); Social media (social_media_edae7a73),court (77MS0190-01-2025-000764-95),,"A VKontakte user was fined for four videos published on her personal page in 2011. The court found these videos “extremist” and “containing signs of propaganda of non-traditional sexual relations or preferences related to the LGBT community”, because they depicted “kisses between a man and a man”. Another individual was fined by the same court for similar content (case 5-207/2025).","Пользовательница ВКонтакте была оштрафована за четыре видеозаписи, опубликованные на её личной странице в 2011 году. Суд указал, что эти видеозаписи “экстремистского содержания” и “содержат признаки пропаганды нетрадиционных сексуальных отношений или предпочтений, относящиеся к ЛГБТ сообществу”, поскольку они изображали “поцелуи между мужчиной и мужчиной”. Ещё одно физическое лицо было оштрафовано тем же судом за похожий контент (см. дело 5-207/2025)."
record_de0d66cb,5-322/2025,2025,77,77MS0374,6.21_3,official_0035,official,fine (200000),Mass media (mass_media_007),court (77MS0374-01-2025-000621-84),https://web.archive.org/web/20250425045115/https://meduza.io/news/2025/04/23/glavnogo-redaktora-sports-oshtrafovali-na-200-tysyach-rubley-po-statie-o-propagande-lgbt-iz-za-materiala-pro-britanskiy-futbolnyy-gey-klub,"The editor-in-chief of “Sports.ru” was fined for the article “Stonewall, the English club that changed football”. According to the court, this article “creates a socio-psychological attitude not only of approval of non-traditional sexual relations, but also forms a distorted idea of the social equivalence of traditional and non-traditional sexual relations”, because it “presents information about LGBT people in a purely positive light.” The outlet removed the article from its website.","Главный редактор “Sports.ru” был оштрафован за статью “Стоунволл - английский клуб, который изменил футбол”. По мнению суда, в статье “создается социально-психологическая установка не только одобрения нетрадиционных сексуальных отношений, но и формируется искаженное представление о социальной равноценности традиционных и нетрадиционных сексуальных отношений”; “информация в статье о представителях ЛГБТ подается исключительно в положительном ключе”. Издание удалило статью со своего сайта."
record_e1ab2ef5,16-1545/2025,2025,76,76RS0015; 77KJ0002,6.21_1,individual_0110,individual,fine (50000),"Public action, Queer venue (public_action_009)",court; social media (https://vk.com/yaroblsud?w=wall-217444776_857); mass media (https://web.archive.org/web/20250815054258/https://meduza.io/news/2024/10/28/v-yaroslavle-siloviki-proveli-reyd-v-nochnom-klube-gde-prohodilo-dreg-shou-na-odnogo-iz-artistov-sostavili-protokol-o-propagande-lgbt); court (76MS0023-01-2024-003946-88),https://web.archive.org/web/20241201034955/https://news.ru/regions/v-rossijskom-regione-oshtrafovali-sem-chelovek-za-propagandu-lgbt/; https://web.archive.org/web/20260721074608/https://parniplus.com/news/yaroslavl-rejd/; https://web.archive.org/web/20241227225048/https://ria.ru/20241122/propaganda-1985251547.html,"A drag performer was fined after the police raided the nightclub “Dark Horse” in Yaroslavl. The court stated that the defendant “wore women's clothing and feminine makeup, demonstrating his appearance to an indefinite number of people, thereby committing public actions aimed at developing non-traditional sexual attitudes”. In court, the performer explained that he was detained while on stage and that his costume symbolised the Coronavirus because it was a Halloween party. The defendant appealed the first-instance decision twice (Magistrate Court No. 3 of the Leninsky Judicial District of Yaroslavl). However, both instances upheld it. The mass media reported that during the raid, the police forced the club's visitors to lie on the floor for several hours; some people were beaten; several performers were detained, and seven administrative cases were initiated. We found eight such cases on the court website, six of which resulted in a punishment. This is one of these cases.","Артист дрэг-шоу был оштрафован после полицейского рейда в ночном клубе “Dark Horse” в Ярославле. Согласно суду подзащитный “носил женскую одежду и женский макияж на лице, демонстрируя свой внешний вид неопределенному кругу лиц, тем самым совершил публичные действия, направленные на формирование нетрадиционных сексуальных установок”. В суде артист объяснил, что был задержан на сцене в момент исполнения номера и что его костюм символизировал Коронавирус, потому что это была Хэллоуин вечеринка. Ответчик обжаловал решение первой инстанции дважды (Судебный участок 3 Ленинского судебного района г. Ярославля), однако обе инстанции оставили его без изменений. СМИ сообщили, что во время рейда полицейские заставили посетителей клуба пролежать на полу несколько часов; некоторых людей били; некоторые артисты были задержаны, и было возбуждено семь административных дел. На сайте суда мы нашли восемь таких дел, по шести из ним были вынесены наказания. Это одно из них."
record_36cfcafe,05-0336/2025,2025,77,77RS0001,6.21_3,individual_0075,individual,fine (100000),Social media (social_media_076); Social media (social_media_5aaa9494); Social media (social_media_3aaf828a),court (77RS0001-02-2025-005770-14),,"A VKontakte user was fined for posting the video titled “Initiation into the Nazis (boneheads)” and two pictures, “related to the promotion of non-traditional sexual relations, LGBT”, according to the court. The defendant stated that the content had been uploaded to VK “as a joke.”","Пользователь ВКонтакте был оштрафован за публикацию видеоролика под названием “Посвящение в нацисты (боны)” и двух изображений, “относящихся к пропаганде нетрадиционных сексуальных отношений, ЛГБТ”, по мнению суда. Ответчик заявил, что контент был загружен в ВК “в юмористических целях”."
record_efc30f6c,5-407/2025,2025,77,77MS0466,6.21_3,individual_0059,individual,fine (100000),Social media (social_media_077),court (77MS0466-01-2025-002270-58),,"An individual was fined for “promoting non-traditional sexual relations and/or preferences, sex change or refusal of child bearing” by posting an image on the Telegram channel “Free People glavny” in 2023. The police discovered the image during a social media monitoring operation. The judicial expertise concluded that the image depicted “scenes of sexual interaction between two persons of the same sex (women), one of whom is shown kneeling in front of the other”, and that these images were “not used to criticise LGBT people”. The same individual was fined at least four times on the same day by the same judge for posting images on this Telegram channel.","Физическое лицо было оштрафовано за “пропаганду нетрадиционных сексуальных отношений и (или) предпочтений, смены пола либо отказа от деторождения” путём публикации изображения в 2023 году в Телеграм-канале “Free People главный”. Полиция обнаружила изображение в ходе операции по мониторингу социальных сетей. Судебная экспертиза указала, что изображение содержало “сцены сексуального взаимодействия между двумя лицами одного пола (девушки), одна из которых изображена стоящей на коленях перед другой”, а также что это изображение “не используется для критики ЛГБТ“. Это же физическое лицо было оштрафовано как минимум четыре раза в один и тот же день тем же судьёй за размещение изображений в этом Телеграм-канале."
record_a7f5e9e3,5-406/2025,2025,77,77MS0466,6.21_3,individual_0059,individual,fine (100000),Social media (social_media_078),court (77MS0466-01-2025-002269-61),,"An individual was fined for “promoting non-traditional sexual relations and/or preferences, sex change or refusal of child bearing” by posting an image on the Telegram channel “Free People glavny” in 2023. The police discovered the image during a social media monitoring operation. The judicial expertise concluded that the image depicted “scenes of sexual interaction between two persons of the same sex (women), both depicted topless, kissing and embracing. The characters' posture and position relative to each other express their amorous and erotic attraction to each other,” and that the image was “not used to criticise LGBT people”. The same individual was fined at least four times on the same day by the same judge for posting images on this Telegram channel.","Физическое лицо было оштрафовано за “пропаганду нетрадиционных сексуальных отношений и (или) предпочтений, смены пола либо отказа от деторождения” путём публикации изображения в 2023 году в Телеграм-канале “Free People главный”. Полиция обнаружила изображение в ходе операции по мониторингу социальных сетей. Судебная экспертиза указала, что изображение содержало “сцены сексуального взаимодействия между двумя лицами одного пола (девушки), обе из которых изображены топлесс, в поцелуе и объятиях”, а также что это изображение “не используется для критики ЛГБТ“. Это же физическое лицо было оштрафовано как минимум четыре раза в один и тот же день тем же судьёй за размещение изображений в этом Телеграм-канале."
record_8c6502e8,5-405/2025,2025,77,77MS0466,6.21_3,individual_0059,individual,fine (100000),Social media (social_media_079),court (77MS0466-01-2025-002268-64),,"An individual was fined for “promoting non-traditional sexual relations and/or preferences, sex change or refusal of child bearing” by posting an image on the Telegram channel “Free People glavny” in 2023. The police discovered the image during a social media monitoring operation. The judicial expertise concluded that the image depicted “scenes of sexual interaction between two persons of the same sex (women), one of whom is shown kneeling in front of the other”, and that this image was “not used to criticise LGBT people”. The same individual was fined at least four times on the same day by the same judge for posting images on this Telegram channel.","Физическое лицо было оштрафовано за “пропаганду нетрадиционных сексуальных отношений и (или) предпочтений, смены пола либо отказа от деторождения” путём публикации изображения в 2023 году в Телеграм-канале “Free People главный”. Полиция обнаружила изображение в ходе операции по мониторингу социальных сетей. Судебная экспертиза указала, что изображение содержало “сцены сексуального взаимодействия между двумя лицами одного пола (девушки), одна из которых изображена стоящей на коленях перед другой”, а также что это изображение “не используется для критики ЛГБТ“. Это же физическое лицо было оштрафовано как минимум четыре раза в один и тот же день тем же судьёй за размещение изображений в этом Телеграм-канале."
record_fc6fc50a,5-404/2025,2025,77,77MS0466,6.21_3,individual_0059,individual,fine (100000),Social media (social_media_080); Social media (social_media_048f28c4); Social media (social_media_a7da146f),court (77MS0466-01-2025-002267-67),,"An individual was fined for “promoting non-traditional sexual relations and/or preferences, sex change or refusal of child bearing” by posting three images on the Telegram channel “Free People glavny” in 2023. The police discovered the images during a social media monitoring operation. The judicial expertise concluded that the images depicted “scenes of sexual interaction between three female persons”, “the characters' posture and position relative to each other express their amorous and erotic attraction to each other”, and that these images were “not used to criticise LGBT people”. The same individual was fined at least four times on the same day by the same judge for posting images on this Telegram channel.","Физическое лицо было оштрафовано за “пропаганду нетрадиционных сексуальных отношений и (или) предпочтений, смены пола либо отказа от деторождения” путём публикации трёх изображений в 2023 году в Телеграм-канале “Free People главный”. Полиция обнаружила изображения в ходе операции по мониторингу социальных сетей. Судебная экспертиза указала, что изображения содержали “сцены сексуального взаимодействия между [...] лицами женского пола”, что “поза и расположение персонажей относительно друг друга выражают их любовно-эротическое влечение друг к другу”, а также что эти изображения “не используются для критики ЛГБТ“. Это же физическое лицо было оштрафовано как минимум четыре раза в один и тот же день тем же судьёй за размещение изображений в этом Телеграм-канале."
record_1d082d7d,05-0254/64/2025,2025,56,56MS0070,6.21_3,individual_0089,individual,warning,Social media (social_media_081),court (56MS0070-01-2025-001262-54),,"A VKontakte user received a warning for publishing “anime-style images of males who are depicted kissing, as well as in the process of sexual intercourse, including in a perverted form.” The images were published between 2021 and 2024.","Пользовательница ВКонтакте получила предупреждение за публикацию “изображений, нарисованных в стиле 'Аниме' лиц мужского пола, которые изображены целующимися, а также в процессе половых актов, в том числе в извращенной форме”. Изображения были опубликованы с 2021 по 2024 год."
record_c2d72669,5-348/2025,2025,78,78RS0019,6.21.2_2,1167847381130,legal entity,fine (1000000),Film (612294),mass media (https://web.archive.org/web/20260414123800/https://parniplus.com/news/onlajn-kinoteatr-okko-shtrafovali-za-lgbt-v-filme-pohishhenie-101/); court (78RS0019-01-2025-003630-73),https://web.archive.org/web/20260414123800/https://parniplus.com/news/onlajn-kinoteatr-okko-shtrafovali-za-lgbt-v-filme-pohishhenie-101/,"The online streaming platform “Okko” was fined for the film “Abduction 101” (Steve Noir, Robin Entreinger, 2019), because it “contained a demonstration of non-traditional sexual relations and (or) preferences”, as the mass media reported. It is unknown what scenes exactly constituted the violation; the court did not publish the decision text. Earlier, the deputy general director of this streaming platform was also fined for the same film (see case 5-683/2025-162).",
record_cc6d66f0,5-66/2025,2025,72,72RS0025,6.21_3,individual_0073,individual,fine (100000),Social media (social_media_082),press release (https://web.archive.org/web/20260302001107/https://пресс-служба72суды.рф/novosti/aktualno/tyumenets-propagandiroval-lgbt/); court (72RS0025-01-2025-003155-69),https://web.archive.org/web/20250515072813/https://t.me/horizontal_russia/46434,"An individual was fined for “publishing the status 'TPerson' with a colored emblem of the LGBT flag” on social media. According to the court's press office, the judicial expertise concluded that the defendant “publicly displayed an illustration of the LGBT flag, which could be perceived by social media users as propaganda for sex change.”",
record_fb2a5a82,5-1011/2025,2025,23,23RS0002,6.21_3,individual_0101,individual,fine (150000),Web content (web_content_005),court (23RS0002-01-2025-003928-97),,"An individual was fined for publishing an explicit video. The court stated that “the video depicted two women engaging in mutual caresses and kissing each other on the lips, thereby promoting non-traditional sexual relations.”",
record_5470bbf1,5-192/2025,2025,78,78RS0011,6.21_1,1067847324951,legal entity,fine (800000),Book (OL27807250W); Book (OL24943063M); Book (OL35877617M),mass media (https://web.archive.org/web/20260514143026/https://zona.media/news/2025/05/21/sontag); social media (https://web.archive.org/web/20260405150850/https://t.me/dslebedeva_official/977); court (78RS0011-01-2025-004746-59),https://web.archive.org/web/20260726235437/https://zona.media/news/2025/05/21/sontag,"The bookshop “Podpisnyye izdaniya” was fined for selling the books “On Women” (2023) and “Against Interpretation and Other Essays” (1966) by Susan Sontag and “Everybody: A Book About Freedom” (2021) by Olivia Laing. According to the court's press secretary, the books “contain signs of propaganda of non-traditional sexual relations and ideas of the LGBT movement, which was banned by the [Supreme] court.” The exact content that constituted the violation is unknown.",
record_484d6b44,05-0212/2025,2025,77,77RS0031,6.21_3,individual_0076,individual,fine (),Social media (social_media_083),court (77RS0031-02-2025-005625-23),,"A VKontakte user was fined for “an image with the English-language text 'Some people are gay, get over it'”, which is a slogan of the Stonewall UK campaign from 2007. The image was published on VK in 2013. According to the court, this image “disseminated information aimed at developing non-traditional sexual attitudes in minors”. The exact image is unknown. The same individual was fined twice on the same day by the same judge for publishing images on VK (see also 05-0211/2025).",
record_fe45d3fa,05-0211/2025,2025,77,77RS0031,6.21_3,individual_0076,individual,fine (100000),Social media (social_media_084),court (77RS0031-02-2025-005624-26),,"A VKontakte user was fined for “an image and English-language text commenting on it” published in 2015, which “promoted non-traditional sexual relations among minors”. The court referred to this image as “a comic in the genre of 'sexual comedy, LGBT'.” The exact image is unknown. The same individual was fined twice on the same day by the same judge for publishing images on VK (see also 05-0212/2025).",
record_f10b9779,5-200/2025,2025,78,78RS0012,6.21_3,official_0037,official,fine (200000),"Queer venue, Social media (queer_venue_006)",court (78RS0012-01-2025-003035-95),https://web.archive.org/web/20260514140728/https://www.fontanka.ru/2025/05/30/75526400/,The general director of a bar was fined because the bar's page on VKontakte advertised a “venue intended for people of non-traditional sexual orientation”. The judicial expert mentioned that the bar's VK page “promoted the ideology of the LGBT movement prohibited in the Russian Federation.” The exact content that constituted the violation is unknown.,
record_afe1c4be,05-0611/374/2025,2025,77,77MS0374,6.21_4,official_0031,official,fine (400000),Comics (comics_003),court (77MS0374-01-2025-001823-67),,"The project manager at “Mangalib”, a platform for online comics and manga, was prosecuted for several publications. The publication in this case is “Revolutionary Girl Utena: The Adolescence of Utena” (Be-Papas, 1999), which, according to the court, contains “images promoting non-traditional sexual relations among minors”. This individual was fined at least 12 times for different publications. The company “MangaLib” was also fined at least 12 times.","Менеджер проектов “Мангалиб”, платформы онлайн-комиксов и манги, был привлечён к ответственности за несколько публикаций. Публикация в этом деле – “Девушка Революционерка Утена: Театральная версия” (Be-Papas, 1999), в которой, Согласно суду “имеются изображения, пропагандирующие нетрадиционные сексуальные отношения среди несовершеннолетних”. Это должностное лицо было оштрафовано за различные публикации не менее 12 раз. ООО “Мангалиб” также была оштрафована не менее 12 раз."
record_0ecd256c,05-0646/374/2025,2025,77,77MS0374,6.21_4,individual_0063,individual,fine (200000),Social media (social_media_085),court (77MS0374-01-2025-001942-98),,"An individual was fined for posting the following text on Telegram: “Beloved, today is Transgender Visibility Day. Many people dear to my heart remain in Russia, and knowing their (and yours—you'll read it) wishes, I would say this: may the Russian authorities finally celebrate Transgender Visibility Day and stop this injustice. We once achieved visibility, rights, and an easy transition process. We will definitely achieve this again, much faster than the first time. Until then, may your visibility and noticeability be 110% under your control. Love.” According to the court, this post contained “information about non-traditional sexual relations”.",
record_941357af,5-647/2025,2025,77,77MS0374,6.21_3,official_0022,official,fine (250000),Film (554100),court (77MS0374-01-2025-001943-95),,"The managing director of the streaming service “Kinopoisk” was fined for the film “Triggered” (Christopher Wesley Moore, 2019). The court stated that this film contains information “promoting non-traditional sexual relations”, as it features “footage of interaction between two characters of the same biological sex (male); Viewing these scenes creates an intimate and personal mood for subsequent intersexual relations; The fragments contain depictions of romantic relationships, including images of sexual intercourse, accompanied by music and dialogue, with humorous references to the characters' non-traditional sexual preferences”. The court also mentioned that the two main characters were portrayed as “positive with a range of positive qualities, such as kindness, understanding, and responsiveness. Relationships between characters of the same biological sex are presented in a romantic vein.”",
record_fd922a00,5-672/2025,2025,77,77MS0374,6.21_3,official_0036,official,fine (200000),Mass media (mass_media_008),court (77MS0374-01-2025-002181-60),https://web.archive.org/web/20260726220911/https://verstka.media/glavreda-sport24-oshtrafovali-po-state-o-propagande-lgbt-iz-za-zametki-o-cheshskoj-konkobezhke-sovershivshej-kaming-aut,"The editor-in-chief of the online media “Sports24” was fined for publishing the article titled “The three-time Olympic champion suddenly came out. She kept it a secret for over 12 years.” The judicial experts from Roskomnadzor, the Russian mass media regulator, determined that this article “was structured in such a way that it created a socio-psychological attitude not only of approval of non-traditional sexual relations, but also formed a distorted idea of the social equivalence of traditional and non-traditional sexual relations”. Picture: a screenshot of the article's title.","Главный редактор сетевого издания “Спорт24” был оштрафован за публикацию статьи под названием “Трехкратная олимпийская чемпионка внезапно совершила каминг-аут. Она держала это в тайне больше 12 лет”. Судебные эксперты установили, в статье “создается социально-психологическая установка не только одобрения нетрадиционных сексуальных отношений, но и формируется искаженное представление о социальной равноценности традиционных и нетрадиционных сексуальных отношений”. Фото: скриншот заголовка статьи."
record_a126e0f7,5-538/2025,2025,23,23MS0234,6.21_1,individual_0069,individual,fine (50000),Public action (public_action_005),court (23MS0234-01-2025-002235-35),https://web.archive.org/web/20250609161430/https://www.kommersant.ru/doc/7795124,"An individual was fined for “promoting non-traditional sexual relations” by wearing women's clothing while being on a tram. The court stated that “these actions deviate from generally accepted, established norms of behaviour in ordinary society and distort the perception of the social equivalence of traditional and non-traditional sexual relations, which also contributes to the emergence of interests in society and the formation of persistent stereotypes, including immoral ones.”",
record_f547a1bd,5-409/2025,2025,2,03RS0017,6.21_4,individual_0060,individual,fine (100000),Social media (social_media_086),court (03RS0017-01-2025-008855-56),,"An individual was prosecuted for posting images on VKontakte. The image in question depicted two women kissing with the text “I now declare you husband and wife.” The judicial expert concluded that this image “contains psychological and linguistic signs of propaganda of non-traditional sexual relations, expressed in the dissemination of information and the performance of public actions aimed at the formation of non-traditional sexual attitudes, the attractiveness of non-traditional sexual relations, and a distorted idea of ​​the social equivalence of traditional and non-traditional sexual relations and preferences.” This case was initiated by the “Cyber ​​Squad” project of the public movement “People's Front for Russia”, which identifies potentially “destructive content” and submits complaints to authorities.",
record_95025123,05-0268/2025,2025,77,77RS0027,6.21_1,1087746888833,legal entity,fine (800000),Book (9785444817810); Book (OL20004466W); Comics (OL22355901W); Book (OL24826887M); Comics (comics_002); Book (OL35877617M),social media (https://web.archive.org/web/20251203065701/https://t.me/moscowcourts/7094); court (77RS0027-02-2025-009667-40),https://web.archive.org/web/20260514234016/https://zona.media/news/2025/07/18/falanster,"The bookshop “Falanster” was fined for selling six books: “More Happy Than Not” (Adam Silvera, 2015), “The Fruit of Knowledge” (Liv Strömquist, 2014), “The Miseducation of Cameron Post” (Emily Danforth, 2012), “Infernal Feminism” (Per Faxneld, 2022), “Fence, Vol. 2” (C. S. Pacat, 2019), and “Everybody: A Book About Freedom” (Olivia Lang, 2021). The judicial expertise established that these books “contain psychological and linguistic signs of propaganda for non-traditional sexual relations and/or preferences and/or gender reassignment, and also contain incitement to involvement in LGBT relationships.” The general director of the bookshop was also fined by the same judge on the same day for distributing the same books (see case 05-0269/2025).",
record_ec5b8e32,05-0269/2025,2025,77,77RS0027,6.21_1,official_0024,official,fine (100000),Book (OL35877617M); Book (OL20004466W); Comics (OL22355901W); Book (OL24826887M); Comics (comics_002); Book (9785444817810),social media (https://web.archive.org/web/20251009132752/https://t.me/moscowcourts/7092); court (77RS0027-02-2025-009673-22),https://web.archive.org/web/20260514234016/https://zona.media/news/2025/07/18/falanster,"The general director of the bookshop “Falanster” was fined for selling five titles: “More Happy Than Not” (Adam Silvera, 2015), “The Fruit of Knowledge” (Liv Strömquist, 2014), “The Miseducation of Cameron Post” (Emily Danforth, 2012), “Infernal Feminism” (Per Faxneld, 2022), “Fence, Vol. 2” (Pascat, 2018), “Everybody: A Book About Freedom” (Olivia Lang, 2021). The judicial expertise concluded that these books “contained psychological and linguistic signs of propaganda of non-traditional sexual relations and/or preferences and/or sex change, and also contain incentives to engage in LGBT relationships.” The legal entity of the bookshop was also fined for the same books by the same judge on the same day (see case 05-0268/2025).",
record_77659b8d,05-0674/374/2025,2025,77,77MS0374,6.21_3,official_0031,official,fine (200000),Comics (comics_004),court (77MS0374-01-2025-002183-54),https://web.archive.org/web/20260418195916/https://www.currenttime.tv/a/v-rossii-za-propagandu-lgbt-oshtrafovali-na-170-tys-onlayn-biblioteku-komiksov-mangalib-/33512650.html,"The project manager at “Mangalib”, a platform for online comics and manga, was prosecuted for several publications. The publication in this case is the manga “Fujoshi Haru-chan wa Osake Suki” (Yasai, 2018), which “depicted romantic and/or sexual relationships between men”. This individual was fined at least 12 times for different publications. The company “MangaLib” was also fined at least 12 times.","Менеджер проектов “Мангалиб”, платформы онлайн-комиксов и манги, был привлечён к ответственности за несколько публикаций. Публикация в этом деле – “Фудзоси Хару-тян любит выпить” (Yasai, 2018), в которой “изображаются романтические и/или сексуальные отношения между мужчинами”. Это должностное лицо было оштрафовано за различные публикации не менее 12 раз. ООО “Мангалиб” также была оштрафована не менее 12 раз."
record_4a8cfdcd,05-0675/374/2025,2025,77,77MS0374,6.21_3,official_0031,official,fine (200000),Comics (comics_005),court (77MS0374-01-2025-002184-51),https://web.archive.org/web/20260418195916/https://www.currenttime.tv/a/v-rossii-za-propagandu-lgbt-oshtrafovali-na-170-tys-onlayn-biblioteku-komiksov-mangalib-/33512650.html,"The project manager at “Mangalib”, a platform for online comics and manga, was prosecuted for several publications. The publication in this case is “Banana Fish” (Yoshida Akimi, 1985). The court stated that it “depicted romantic and/or sexual relationships between men”. This individual was fined at least 12 times for different publications. The company “MangaLib” was also fined at least 12 times.","Менеджер проектов “Мангалиб”, платформы онлайн-комиксов и манги, был привлечён к ответственности за несколько публикаций. Публикация в этом деле – “Банановая рыба / Banana Fish” (Yoshida Akimi, 1985), в которой “изображаются романтические и/или сексуальные отношения между мужчинами”. Это должностное лицо было оштрафовано за различные публикации не менее 12 раз. ООО “Мангалиб” также была оштрафована не менее 12 раз."
record_4bb4392a,5-673/2025,2025,77,77MS0374,6.21_4,official_0036,official,fine (400000),Mass media (mass_media_008),court (77MS0374-01-2025-002182-57),https://web.archive.org/web/20250831200610/https://tvrain.tv/news/glavreda-sport24-povtorno-oshtrafovali-za-propagandu-lgbt-iz-za-stati-o-kaming-aute-sportsmenki-563979,"The editor-in-chief of the online media “Sports24” was fined for publishing the article titled “The three-time Olympic champion suddenly came out. She kept it a secret for over 12 years.” on the news aggregator website “Dzen”. The judicial experts from Roskomnadzor, the Russian mass media regulator, stated that the article was “aimed at forming a positive attitude towards non-traditional sexual relationships and preferences.” This individual was already fined by the same court for the same article published on the media's website (see case 5-672/2025).","Главный редактор сетевого издания “Спорт24” был оштрафован за публикацию статьи под названием “Трехкратная олимпийская чемпионка внезапно совершила каминг-аут. Она держала это в тайне больше 12 лет” на сайте-агрегаторе новостей “Дзен”. Судебные эксперты из Роскомнадзора заявили, что “транслируемые смыслы в материале направлены на формирование положительного отношения к нетрадиционным сексуальным отношениям и предпочтениям.” Это должностное лицо уже было оштрафовано тем же судом за ту же статью, опубликованную на сайте издания (см. дело 5-672/2025)."
record_e3ed6727,5-0441/222/2025,2025,77,77MS0222,6.21_3,individual_0104,individual,fine (50000),Social media (social_media_087),court (77MS0222-01-2025-001332-90),https://web.archive.org/web/20260515003224/https://zona.media/news/2025/07/11/koshkina,"An individual was fined for posting “a voice message, accompanied by a video recording, which depicts two women kissing” on Telegram. The judicial expert concluded that the content “presented same-sex female love in an attractive way (this is the type of relationship preferred by bloggers, fashionable and stylish-looking attractive modern women who live in stylish interiors);” and that it presented “non-traditional sexual relations (not between a man and a woman) [...] in an attractive manner.” The exact content that constituted the violation is unknown. The post is dated 06.02.2025. The same individual was fined at least six times on the same day by the same judge for posting similar content on Telegram and Instagram.",
record_23aeb376,5-0439/222/2025,2025,77,77MS0222,6.21_3,individual_0104,individual,fine (50000),Social media (social_media_088),court (77MS0222-01-2025-001330-96),https://web.archive.org/web/20260515003224/https://zona.media/news/2025/07/11/koshkina,"An individual was fined for posting “a voiceover accompanied by video footage showing two women kissing” on Instagram. The judicial expert concluded that the content “presented same-sex female love in an attractive way (this is the type of relationship preferred by bloggers, fashionable and stylish-looking attractive modern women who live in stylish interiors);” and that it presented “non-traditional sexual relations (not between a man and a woman) [...] in an attractive manner.” The exact content that constituted the violation is unknown. The same individual was fined at least six times on the same day by the same judge for posting similar content on Telegram and Instagram.",
record_cd3967a9,5-0438/222/2025,2025,77,77MS0222,6.21_3,individual_0104,individual,fine (50000),Social media (social_media_089),court (77MS0222-01-2025-001329-02),https://web.archive.org/web/20260515003224/https://zona.media/news/2025/07/11/koshkina,"An individual was fined for posting “a voice message, accompanied by a video recording, which depicts two women kissing” on Telegram. The judicial expert concluded that the content “presented same-sex female love in an attractive way (this is the type of relationship preferred by bloggers, fashionable and stylish-looking attractive modern women who live in stylish interiors);” and that it presented “non-traditional sexual relations (not between a man and a woman) [...] in an attractive manner.” The exact content that constituted the violation is unknown. The post is dated 03.02.2025. The same individual was fined at least six times on the same day by the same judge for posting similar content on Telegram and Instagram.",
record_1464fe6f,5-0436/222/2025,2025,77,77MS0222,6.21_3,individual_0104,individual,fine (50000),Social media (social_media_090),court (77MS0222-01-2025-001327-08),https://web.archive.org/web/20260515003224/https://zona.media/news/2025/07/11/koshkina,"An individual was fined for posting “a voice message, accompanied by a video recording, which depicts two women kissing” on Telegram. The judicial expert concluded that the content “presented same-sex female love in an attractive way (this is the type of relationship preferred by bloggers, fashionable and stylish-looking attractive modern women who live in stylish interiors);” and that it presented “non-traditional sexual relations (not between a man and a woman) [...] in an attractive manner.” The exact content that constituted the violation is unknown. The post is dated 08.02.2025. The same individual was fined at least six times on the same day by the same judge for posting similar content on Telegram and Instagram.",
record_eb32252e,5-0440/222/2025,2025,77,77MS0222,6.21_3,individual_0104,individual,fine (50000),Social media (social_media_091),court (77MS0222-01-2025-001331-93),https://web.archive.org/web/20260515003224/https://zona.media/news/2025/07/11/koshkina,"An individual was fined for posting “a voiceover accompanied by video footage showing two women kissing” on Instagram. The post is dated 14.02.2025. The judicial expert concluded that the content “presented same-sex female love in an attractive way (this is the type of relationship preferred by bloggers, fashionable and stylish-looking attractive modern women);” and that it presented “non-traditional sexual relations (not between a man and a woman) [...] in an attractive manner.” The exact content that constituted the violation is unknown. The same individual was fined at least six times on the same day by the same judge for posting similar content on Telegram and Instagram.",
record_c5abc646,5-0437/222/2025,2025,77,77MS0222,6.21_3,individual_0104,individual,fine (50000),Social media (social_media_092),court (77MS0222-01-2025-001328-05),https://web.archive.org/web/20260515003224/https://zona.media/news/2025/07/11/koshkina,"An individual was fined for posting “a voice message, accompanied by a video recording, which depicts two women kissing” on Instagram. The judicial expert concluded that the content “presented same-sex female love in an attractive way (this is the type of relationship preferred by bloggers, fashionable and stylish-looking attractive modern women);” and that it presented “non-traditional sexual relations (not between a man and a woman) [...] in an attractive manner.” The exact content that constituted the violation is unknown. The court mentioned that the post had 18 comments and 211K views. The same individual was fined at least six times on the same day by the same judge for posting similar content on Telegram and Instagram.",
record_f03700e1,05-0183/451/2025,2025,77,77MS0454,6.21_1,individual_0067,individual,fine (100000),Social media (social_media_093),court (77MS0454-01-2025-000653-16),https://web.archive.org/web/20260627234627/https://en.zona.media/article/2025/08/25/bananafish; https://web.archive.org/web/20260403151848/https://zona.media/news/2025/07/29/monastir,"An individual was fined for “promoting non-traditional sexual relations” by publishing videos on social media. The videos depicted the cross-dresser in the costume of a “Winx” fairy on the territory of the Sretensky Monastery. According to the court, on the videos, “[the defendant] demonstrated transvestism by wearing clothes of the opposite sex”. The defendant explained to the court that it was his [pronouns as they appear in the court decision] everyday activity to cross-dress into the characters of “Monster High”, “Bratz”, and “Winx”, and other popular characters; he “had to hide his hobbies from his family, changed his clothes and washed off his makeup in advance, so that his family and neighbors [...] would not find out about it.”","Физическое лицо оштрафовано за “пропаганду нетрадиционных сексуальных отношений” путём публикации видео в социальных сетях. По описанию из постановления видео изображало, как кросс-дрессер в костюме феи Winx на территории Сретенского монастыря подходит к священнослужителю. По мнению суда на видео “[ответчик] демонстрировал трансвестизм путем ношения одежды противоположного пола”. Ответчик объяснил суду, что он [местоимения из постановления] наносит макияж персонажей из “Monster High”, “Bratz”, “Winx” и других; он “скрывал свои увлечения от семьи, заранее переодевался и смывал косметику, чтобы его семья и соседи [...] не узнали об этом”."
record_9ff5e6f3,05-0681/374/2025,2025,77,77MS0374,6.21_3,official_0031,official,fine (200000),Comics (comics_006),court (77MS0374-01-2025-002203-91),https://web.archive.org/web/20260627234627/https://en.zona.media/article/2025/08/25/bananafish,"The project manager at “Mangalib”, a platform for online comics and manga, was prosecuted for several publications. The publication in this case is the manga “Reincarnation Coliseum: The Weakest Skill Conquers the Strongest Women and Creates a Harem” (Harawata Saizou, 2022), which “depicted romantic and/or sexual relationships between female characters”. This individual was fined at least 12 times for different publications. The company “MangaLib” was also fined at least 12 times.","Менеджер проектов “Мангалиб”, платформы онлайн-комиксов и манги, был привлечён к ответственности за несколько публикаций. Публикация в этом деле – “Реинкарнация в колизее” (Harawata Saizou, 2022), в которой “изображаются романтические и/или сексуальные отношения между лицами женского пола”. Это должностное лицо было оштрафовано за различные публикации не менее 12 раз. ООО “Мангалиб” также была оштрафована не менее 12 раз."
record_8680e59e,5-732/2025,2025,77,77MS0311,6.21_3,individual_0066,individual,fine (100000),Social media (social_media_094),court (77MS0311-01-2025-002186-86),,"An Instagram user was fined for posting images, which, according to the court, “promoted non-traditional sexual relations prohibited in the Russian Federation.” The exact content that constituted the violation is unknown.","Пользователь Инстаграма был оштрафован за публикацию изображений, которые, по мнению суда, “пропагандировали нетрадиционные сексуальные отношения, запрещенные в Российской Федерации.” Точные изображения неизвестны."
record_bbd0f805,5-718/2025,2025,77,77MS0190,6.21_3,individual_0051,individual,fine (100000),Social media (social_media_095); Social media (social_media_cb5ae0fe),court (77MS0190-01-2025-001802-13),,"A Moscow resident was fined after police monitoring identified two archived photographs on the defendant’s social media page, originally uploaded in 2017, depicting two naked women kissing and embracing. The court treated the images as unlawful because they remained publicly accessible in 2025 and concluded that their continued presence online constituted the dissemination of prohibited information. In addition to the photographs themselves, the ruling states that the page also displayed what authorities described as extremist symbolism — specifically “a flag consisting of six stripes”, characterised as the symbol of an organisation associated with “non-traditional sexual relations”, the dissemination of which is prohibited under anti-extremism legislation following the 2023 Supreme Court decision on the “international LGBT movement.”","Москвич был оштрафован после того, как полицейские нашли на его странице в социальной сети две фотографии, загруженные в 2017 году, на которых “изображен поцелуй двух однополых лиц (обнаженные девушки целуют друг друга в губы и обнимаются)”. Суд признал распространение изображений незаконным, поскольку в 2025 году они оставались в публичном доступе. В постановлении также указано, что на странице была размещена “экстремистская символика”, а именно “флаг, состоящий из шести полос”, связанный с “нетрадиционными сексуальными отношениями”, распространение которого запрещено после решения Верховного суда 2023 года по делу о “международном движении ЛГБТ”."
record_4e165520,05-0516/2025,2025,77,77RS0026,6.21_3,1077759854919,legal entity,fine (3000000),Film (554100),mass media (https://web.archive.org/web/20250929005045/https://ria.ru/20250929/shtraf-2045006746.html); court (77RS0026-02-2025-004924-63),https://web.archive.org/web/20251107100603/https://rg.ru/2025/10/07/sud-oshtrafoval-kinopoisk-na-3-milliona-rublej-za-propagandu-lgbt-v-triggere.html,"The streaming service “Kinopoisk” was fined for the film “Triggered” (Christopher Wesley Moore, 2019). As experts from Roskomnadzor, the Russian mass media regulator, concluded, the film “demonstrated information with the signs of a socio-cultural threat to the national security of the Russian Federation and [...] ideological and psychological influence on the recipient in the form of the imposition of a destructive ideology (propaganda of non-traditional sexual relations and (or) preferences).” The managing director of the streaming service was also fined for the same film (see case 5-647/2025).",
record_0e2832f3,5-870/2025,2025,75,75RS0001,6.21_7,individual_0072,individual,fine (100000); expulsion,Social media (social_media_096),court (75RS0001-02-2025-005393-31),,"A foreign national was fined and ordered to leave the country for posting a video on the social media platform “Odnoklassniki”. The video, according to the court, “was aimed at forming non-traditional sexual relationships and preferences, and a distorted understanding of the social validity of traditional and non-traditional sexual relationships.” The case was brought to court by the police unit, which specialises in “fighting against ethnic criminal groups”. The exact content that constituted the violation is unknown.",
record_8b1ac68a,5-1663/2025-162,2025,78,78MS0161,6.21_4,official_0027,official,fine (400000),Film (554100),court (78MS0161-01-2025-004836-61),,"The deputy general director of the online streaming platform “Okko” was fined for distributing the film “Triggered” (2019, Christopher Moore). The judicial expertise established that “the genre, plot, and expressive means used [in the film] aimed at fostering a positive attitude toward non-traditional sexual relationships and/or preferences; The depicted same-sex relationships and the storyline are structured in such a way as to create a socio-psychological attitude not only toward the attractiveness of non-traditional sexual relationships and/or preferences, but also to foster a distorted perception of the social equivalence of traditional and non-traditional sexual relationships”. The streaming platform was also fined for the same film (see case 5-1661/2025).",
record_c2d78d1d,5-1661/2025-162,2025,78,78MS0161,6.21_4,1167847381130,legal entity,fine (2000000),Film (554100),court (78MS0161-01-2025-004833-70),https://web.archive.org/web/20260731140010/https://t.me/novaya_europe/56797?ysclid=moh125k51i667576104,"The streaming platform “Okko” was held administratively liable for the film “Triggered” (2019, Christopher Moore). The judicial expertise established that “the genre, plot, and expressive means used [in the film] aimed at fostering a positive attitude toward non-traditional sexual relationships and/or preferences; The depicted same-sex relationships and the storyline are structured in such a way as to create a socio-psychological attitude not only toward the attractiveness of non-traditional sexual relationships and/or preferences, but also to foster a distorted perception of the social equivalence of traditional and non-traditional sexual relationships”. The deputy general director of the streaming platform was also fined for the same film (see case 5-1663/2025-162).",
record_d6f20fee,05-0753/374/2025,2025,77,77MS0374,6.21_3,official_0031,official,fine (200000),Comics (comics_015),court (77MS0374-01-2025-002456-11),https://web.archive.org/web/20251001012033/https://doxa.team/news/2025-09-18-mangalib; https://web.archive.org/web/20260727164206/https://verstka.media/onlain-biblioteka-mangalib-shtraf-na-25-mln-rublei-propaganda-lgbt,"The project manager at “Mangalib”, a platform for online comics and manga, was prosecuted for several publications. The title of the publication in this case has been redacted from the ruling, but the court stated that it depicted romantic and sexual interaction between male characters. This individual was fined at least 12 times for different publications. The company “MangaLib” was also fined at least 12 times.","Менеджер проектов “Мангалиб”, платформы онлайн-комиксов и манги, был привлечён к ответственности за несколько публикаций. Суд скрыл название публикации в этом деле, но установил, что публикация содержала “неэпизодическое изображение нетрадиционных сексуальных отношений между персонажами мужского пола в романтическом и сексуальном контексте: объятия, прикосновения, сексуальное взаимодействие”. Это должностное лицо было оштрафовано за различные публикации не менее 12 раз. ООО “Мангалиб” также была оштрафована не менее 12 раз."
record_392b97e6,05-0755/374/2025,2025,77,77MS0374,6.21_3,official_0031,official,fine (200000),Comics (comics_007),court (77MS0374-01-2025-002458-05),https://web.archive.org/web/20251001012033/https://doxa.team/news/2025-09-18-mangalib; https://web.archive.org/web/20260727164206/https://verstka.media/onlain-biblioteka-mangalib-shtraf-na-25-mln-rublei-propaganda-lgbt,"The project manager at “Mangalib”, a platform for online comics and manga, was prosecuted for several publications. The publication in this case is the manga titled “Share” (Mitsuha Yuu, 2018). According to the court, this manga's illustrations “contained non-episodic depictions of non-traditional sexual relationships between characters, represented by illustrations of male characters in a romantic and sexual context: hugs, kisses, sex, etc.” This individual was fined at least 12 times for different publications. The company “MangaLib” was also fined at least 12 times.","Менеджер проектов “Мангалиб”, платформы онлайн-комиксов и манги, был привлечён к ответственности за несколько публикаций. Публикация в этом деле – “На двоих” (Mitsuha Yuu, 2018), которая, Согласно суду содержит “неэпизодическое изображение нетрадиционных сексуальных отношений между персонажами мужского пола в романтическом и сексуальном контексте: объятия, прикосновения, сексуальное взаимодействие”. Это должностное лицо было оштрафовано за различные публикации не менее 12 раз. ООО “Мангалиб” также была оштрафована не менее 12 раз."
record_cc596aa1,05-0754/374/2025,2025,77,77MS0374,6.21_3,official_0031,official,fine (200000),Comics (comics_008),court (77MS0374-01-2025-002457-08),https://web.archive.org/web/20251001012033/https://doxa.team/news/2025-09-18-mangalib; https://web.archive.org/web/20260727164206/https://verstka.media/onlain-biblioteka-mangalib-shtraf-na-25-mln-rublei-propaganda-lgbt,"The project manager at “Mangalib”, a platform for online comics and manga, was prosecuted for several publications. The publication in this case is “Sex Life With My Beast Partner” (Komagome, 2018). The court stated that this “manga in the shojo genre contained a non-episodic depiction of non-traditional sexual relations between female characters with a beast-like creature (perceived as an animal) in a romantic and erotic context: hugs, kisses, sexually explicit actions, etc.” This individual was fined at least 12 times for different publications. The company “MangaLib” was also fined at least 12 times.","Менеджер проектов “Мангалиб”, платформы онлайн-комиксов и манги, был привлечён к ответственности за несколько публикаций. Публикация в этом деле – “Зверь – партнер для Кодокури Сейкацу” (Komagome, 2018). Согласно суду эта “манга в жанре сёдзё” содержит “неэпизодическое изображение нетрадиционных сексуальных отношений между персонажами женского пола со звероподобным существом (воспринимается в качестве животного) в романтическом и эротическом контексте: объятия, поцелуи, сексуально откровенные действия и т.д.” Это должностное лицо было оштрафовано за различные публикации не менее 12 раз. ООО “Мангалиб” также была оштрафована не менее 12 раз."
record_a6c30668,05-0752/374/2025,2025,77,77MS0374,6.21_4,official_0031,official,fine (400000),Comics (comics_009),court (77MS0374-01-2025-002455-14),https://web.archive.org/web/20251001012033/https://doxa.team/news/2025-09-18-mangalib; https://web.archive.org/web/20260727164206/https://verstka.media/onlain-biblioteka-mangalib-shtraf-na-25-mln-rublei-propaganda-lgbt,"The project manager at “Mangalib”, a platform for online comics and manga, was prosecuted for several publications. The publication in this case is “ONIMAI: I'm Now Your Sister!” (Nekotoufu, 2017). According to the court, this publication “contains images purportedly dealing with the theme of transgender transition, contains information about manga with the subgenre of gender intrigue, where a man, for one reason or another, pretends to be a girl or vice versa” and “contains a non-episodic depiction of a female character who is a man, that is, was originally a male character, which is accompanied by positive attitude and approval.” This individual was fined at least 12 times for different publications. The company “MangaLib” was also fined at least 12 times.","Менеджер проектов “Мангалиб”, платформы онлайн-комиксов и манги, был привлечён к ответственности за несколько публикаций. Публикация в этом деле – “Мой братик теперь не братик!” (Nekotoufu, 2017). Согласно суду эта публикация “содержит рисованные изображения, предположительно затрагивающие тематику трансгендерного перехода, содержит информацию о манге с поджанром гендерная интрига, где мужчина по той или иной причине выдает себя за девушку или наоборот” и “содержит неэпизодическое изображение персонажа женского пола, который является мужчиной, то есть изначально был персонажем мужского пола, что сопровождается положительным отношением и одобрением.” Это должностное лицо было оштрафовано за различные публикации не менее 12 раз. ООО “Мангалиб” также была оштрафована не менее 12 раз."
record_3fddb099,05-0751/374/2025,2025,77,77MS0374,6.21_4,official_0031,official,fine (400000),Comics (comics_013),court (77MS0374-01-2025-002454-17),https://web.archive.org/web/20251001012033/https://doxa.team/news/2025-09-18-mangalib; https://web.archive.org/web/20260727164206/https://verstka.media/onlain-biblioteka-mangalib-shtraf-na-25-mln-rublei-propaganda-lgbt,"The project manager at “Mangalib”, a platform for online comics and manga, was prosecuted for several publications. The publication in this case is “Boo! It’s Sex” (Danielle Corsetto, Monica Gallagher, 2018). According to the court, this is a comic book “dedicated to the depiction of love and romantic relationships between girls (kisses, hugs, sensitive touches),” which “contains information promoting non-traditional sexual relationships and (or) preferences.” This individual was fined at least 12 times for different publications. The company “MangaLib” was also fined at least 12 times.","Менеджер проектов “Мангалиб”, платформы онлайн-комиксов и манги, был привлечён к ответственности за несколько публикаций. Публикация в этом деле – “Буу! Это секс / Boo! It’s Sex” (Danielle Corsetto, Monica Gallagher, 2018). Согласно суду это комикс, “посвящённый изображению любви и романтических отношений между девушками (поцелуи, объятия, чувствительные прикосновения)”, в котором “присутствует информация, пропагандирующая нетрадиционные сексуальные отношения и (или) предпочтения”. Это должностное лицо было оштрафовано за различные публикации не менее 12 раз. ООО “Мангалиб” также была оштрафована не менее 12 раз."
record_f8cae0be,05-0749/374/2025,2025,77,77MS0374,6.21_4,official_0031,official,fine (400000),Comics (comics_011),court (77MS0374-01-2025-002452-23),https://web.archive.org/web/20251001012033/https://doxa.team/news/2025-09-18-mangalib; https://web.archive.org/web/20260727164206/https://verstka.media/onlain-biblioteka-mangalib-shtraf-na-25-mln-rublei-propaganda-lgbt,"The project manager at “Mangalib”, a platform for online comics and manga, was prosecuted for several publications. The publication in this case is the manga titled “With You, Our Love Will Make It Through” (Yuzuki Chihiro, 2021) about an imaginary interracial relationship. The court stated that it contained “non-episodic depiction of a non-traditional sexual relationship between the main character, represented by several illustrations of a female person with a beast-like creature (perceived as an animal) in a romantic context: kissing, hugging, sensual touching”. This individual was fined at least 12 times for different publications. The company “MangaLib” was also fined at least 12 times.","Менеджер проектов “Мангалиб”, платформы онлайн-комиксов и манги, был привлечён к ответственности за несколько публикаций. Публикация в этом деле – “Пересечение стен любви с тобой / Kimi to Koete Koi ni Naru” (Yuzuki Chihiro, 2021). Суд установил, что эта публикация содержит “неэпизодическое изображение нетрадиционных сексуальных отношений между главной героиней, представленное несколькими иллюстрациями лица женского пола со звероподобным существом (воспринимается в качестве животного) в романтическом контексте: поцелуи, объятия, чувственные прикосновения.” Это должностное лицо было оштрафовано за различные публикации не менее 12 раз. ООО “Мангалиб” также была оштрафована не менее 12 раз."
record_51351717,05-0750/374/2025,2025,77,77MS0374,6.21_4,official_0031,official,fine (400000),Comics (comics_014),court (77MS0374-01-2025-002453-20),https://web.archive.org/web/20251001012033/https://doxa.team/news/2025-09-18-mangalib; https://web.archive.org/web/20260727164206/https://verstka.media/onlain-biblioteka-mangalib-shtraf-na-25-mln-rublei-propaganda-lgbt,"The project manager at “Mangalib”, a platform for online comics and manga, was prosecuted for several publications. The publication in this case is “The Time My Friend Wanted to Try a Skirt” (Terai Akane, 2019). The court stated that it “contained non-episodic depictions of a male character wearing traditionally feminine clothing and accessories, which is accompanied by positive attitudes and approval; description and depiction of non-traditional sexual relationships between the characters, represented by several illustrations of the two main male characters in a romantic context: touching, holding hands, etc.” This individual was fined at least 12 times for different publications. The company “MangaLib” was also fined at least 12 times.","Менеджер проектов “Мангалиб”, платформы онлайн-комиксов и манги, был привлечён к ответственности за несколько публикаций. Публикация в этом деле – “Однажды мой друг захотел примерить юбку” (Terai Akane, 2019). Суд установил, что этот “материал содержит неэпизодическое изображение персонажа мужского пола в традиционно женской одежде и аксессуарах, что сопровождается положительным отношением и одобрением; [...] описание и изображение нетрадиционных сексуальных отношений между персонажами, представленное несколькими иллюстрациями двух главных персонажей мужского пола в романтическом контексте: прикосновения, держания за руку и т.д.” Это должностное лицо было оштрафовано за различные публикации не менее 12 раз. ООО “Мангалиб” также была оштрафована не менее 12 раз."
record_da52ce2a,05-0487/2025,2025,77,77RS0026,6.21_4,1237700761539,legal entity,fine (2000000),Comics (comics_003),social media (https://web.archive.org/web/20251123145046/https://t.me/moscowcourts/7326); court (77RS0026-02-2025-004371-73),https://web.archive.org/web/20260330202723/https://meduza.io/news/2025/08/25/onlayn-biblioteku-mangalib-oshtrafovali-na-14-millionov-rubley-po-statie-o-propagande-lgbt-iz-za-mangi; https://web.archive.org/web/20260727164206/https://verstka.media/onlain-biblioteka-mangalib-shtraf-na-25-mln-rublei-propaganda-lgbt; https://web.archive.org/web/20260726093658/https://www.fontanka.ru/2025/08/25/75861945/; https://web.archive.org/web/20260718052412/https://zona.media/news/2025/08/25/manga,"“MangaLib”, a platform for online comics and manga, was fined for publications on its website. The publication in this case is “Revolutionary Girl Utena: The Adolescence of Utena” (Be-Papas, 1999). According to the court's description, “the comic's main character [...] experienced a breakup with her lover, after which she decided to appear before people as a man. [...] The princess falls in love with [the main character] and doesn't hide her feelings: the girls kiss and spend time together.” The court stated that this comic “can be classified as a socio-cultural threat to the national security of the Russian Federation in terms of the protection of traditional values, since it reveals signs of ideological and psychological influence on the recipient in the form of the imposition of a destructive ideology (propaganda of non-traditional sexual relations)”. This is one of at least 12 cases in a serial persecution of “MangaLib”. The manager of “MangaLib” was also prosecuted at least 12 times for different publications.","“Мангалиб”, платформа онлайн-комиксов и манги, оштрафована за публикации на сайте. Публикация в этом деле – “Девушка Революционерка Утена: Театральная версия” (Be-Papas, 1999). Из постановления: “Главная героиня комикса [...] пережила расставание с возлюбленным, после чего решила предстать перед людьми в мужском обличии. [...] Принцесса влюбляется в [главную героиню] и не скрывает своих чувств: девушки целуются и проводят время.” Суд заявил, что информация в этом комиксе “может быть квалифицирована как обнаруживающая признаки социокультурной угрозы национальной безопасности РФ в части, касающейся защиты традиционных ценностей, так как обнаруживает признаки идеологического и психологического воздействия на реципиента в виде насаждения деструктивной идеологии (пропаганды нетрадиционных сексуальных отношений).” Это одно из как минимум 12 дел против “Мангалиб”. Менеджер платформы также был оштрафован за различные публикации не менее 12 раз."
record_49699afb,05-0600/2025,2025,77,77RS0026,6.21_3,1237700761539,legal entity,fine (2000000),Comics (comics_005),social media (https://web.archive.org/web/20251123145046/https://t.me/moscowcourts/7326); court (77RS0026-02-2025-005772-41),https://web.archive.org/web/20260330202723/https://meduza.io/news/2025/08/25/onlayn-biblioteku-mangalib-oshtrafovali-na-14-millionov-rubley-po-statie-o-propagande-lgbt-iz-za-mangi; https://web.archive.org/web/20260727164206/https://verstka.media/onlain-biblioteka-mangalib-shtraf-na-25-mln-rublei-propaganda-lgbt; https://web.archive.org/web/20260726093658/https://www.fontanka.ru/2025/08/25/75861945/; https://web.archive.org/web/20260718052412/https://zona.media/news/2025/08/25/manga,"“MangaLib”, a platform for online comics and manga, was fined for publications on its website. The publication in this case is “Banana Fish” (Yoshida Akimi, 1985). From the court decision: “This material contains non-episodic depictions of non-traditional sexual relations between the protagonist Ash and other characters, represented by several illustrations of two males in a romantic context: kissing, hugging, and sensual touching.” The court stated that “the information displayed can be classified as revealing signs of a socio-cultural threat to the national security of the Russian Federation in terms of the protection of traditional values, since it reveals signs of ideological and psychological influence on the recipient in the form of the imposition of a destructive ideology (propaganda of non-traditional sexual relations).” This is one of at least 12 cases in a serial persecution of “MangaLib”. The manager of “MangaLib” was also prosecuted at least 12 times for different publications.","“Мангалиб”, платформа онлайн-комиксов и манги, оштрафована за публикации на сайте. Публикация в этом деле – “Банановая рыба / Banana Fish” (Yoshida Akimi, 1985). Из постановления: “Материал содержит неэпизодическое изображение нетрадиционных сексуальных отношений между главным героем Эшем и другими персонажами, представленное несколькими иллюстрациями двух лиц мужского пола в романтическом контексте: поцелуи, объятия, чувственные прикосновения”. Суд заявил, что информация в этом комиксе “может быть квалифицирована как обнаруживающая признаки социокультурной угрозы национальной безопасности РФ в части, касающейся защиты традиционных ценностей, так как обнаруживает признаки идеологического и психологического воздействия на реципиента в виде насаждения деструктивной идеологии (пропаганды нетрадиционных сексуальных отношений).” Это одно из как минимум 12 дел против “Мангалиб”. Менеджер платформы также был оштрафован за различные публикации не менее 12 раз."
record_28e9ca77,05-0605/2025,2025,77,77RS0026,6.21_3,1237700761539,legal entity,fine (2000000),Comics (comics_004),social media (https://web.archive.org/web/20251123145046/https://t.me/moscowcourts/7326); court (77RS0026-02-2025-005778-23),https://web.archive.org/web/20260330202723/https://meduza.io/news/2025/08/25/onlayn-biblioteku-mangalib-oshtrafovali-na-14-millionov-rubley-po-statie-o-propagande-lgbt-iz-za-mangi; https://web.archive.org/web/20260727164206/https://verstka.media/onlain-biblioteka-mangalib-shtraf-na-25-mln-rublei-propaganda-lgbt; https://web.archive.org/web/20260726093658/https://www.fontanka.ru/2025/08/25/75861945/; https://web.archive.org/web/20260718052412/https://zona.media/news/2025/08/25/manga,"“MangaLib”, a platform for online comics and manga, was fined for publications on its website. The publication in this case is “Fujoshi Haru-chan wa Osake Suki” (Yasai, 2018). From the court decision: “This material contains information about a yaoi manga (a genre that depicts romantic and/or sexual relationships between men) [...] it is presented with a description indicating the non-traditional nature of the main characters' sexual relationships [...] the combination of the manga description and its cover contains information promoting non-traditional sexual relationships and/or preferences.” Furthermore, the court stated that “the information displayed can be classified as revealing signs of a socio-cultural threat to the national security of the Russian Federation in terms of the protection of traditional values, since it reveals signs of ideological and psychological influence on the recipient in the form of the imposition of a destructive ideology (propaganda of non-traditional sexual relations).” This is one of at least 12 cases in a serial persecution of “MangaLib”. The manager of “MangaLib” was also prosecuted at least 12 times for different publications.","“Мангалиб”, платформа онлайн-комиксов и манги, оштрафована за публикации на сайте. Публикация в этом деле – “Фудзоси Хару-тян любит выпить” (Yasai, 2018). Согласно постановлению эта публикация “содержит информацию о манге в жанре яой (направление, в котором изображаются романтические и/или сексуальные отношения между мужчинами) [...] Данный материал представлен описанием, указывающим на нетрадиционный характер сексуальных отношений главных персонажей [...] Сочетание описания манги и обложки к ней содержит информацию, пропагандирующую нетрадиционные сексуальные отношения и (или) предпочтения.” Кроме этого, суд заявил, что информация в этой публикации “может быть квалифицирована как обнаруживающая признаки социокультурной угрозы национальной безопасности РФ в части, касающейся защиты традиционных ценностей, так как обнаруживает признаки идеологического и психологического воздействия на реципиента в виде насаждения деструктивной идеологии (пропаганды нетрадиционных сексуальных отношений).” Это одно из как минимум 12 дел против “Мангалиб”. Менеджер платформы также был оштрафован за различные публикации не менее 12 раз."
record_128d33fe,05-0606/2025,2025,77,77RS0026,6.21_3,1237700761539,legal entity,fine (2000000),Comics (comics_006),social media (https://web.archive.org/web/20251123145046/https://t.me/moscowcourts/7326); court (77RS0026-02-2025-005779-20),https://web.archive.org/web/20260330202723/https://meduza.io/news/2025/08/25/onlayn-biblioteku-mangalib-oshtrafovali-na-14-millionov-rubley-po-statie-o-propagande-lgbt-iz-za-mangi; https://web.archive.org/web/20260727164206/https://verstka.media/onlain-biblioteka-mangalib-shtraf-na-25-mln-rublei-propaganda-lgbt; https://web.archive.org/web/20260726093658/https://www.fontanka.ru/2025/08/25/75861945/; https://web.archive.org/web/20260718052412/https://zona.media/news/2025/08/25/manga,"“MangaLib”, a platform for online comics and manga, was fined for publications on its website. The publication in this case is “Reincarnation Coliseum: The Weakest Skill Conquers the Strongest Women and Creates a Harem” (Harawata Saizou, 2022). From the court decision: “This material contains non-episodic depictions of non-traditional sexual relationships between characters who form a harem of women conquered by [the protagonist]. This depiction is represented by several illustrations of female characters in romantic and sexual contexts: touching, hugging, kissing, sex (including group sex), etc.”. The court stated that “the information displayed can be classified as revealing signs of a socio-cultural threat to the national security of the Russian Federation in terms of the protection of traditional values, since it reveals signs of ideological and psychological influence on the recipient in the form of the imposition of a destructive ideology (propaganda of non-traditional sexual relations).” This is one of at least 12 cases in a serial persecution of “MangaLib”. The manager of “MangaLib” was also prosecuted at least 12 times for different publications.","“Мангалиб”, платформа онлайн-комиксов и манги, оштрафована за публикации на сайте. Публикация в этом деле – “Реинкарнация в колизее” (Harawata Saizou, 2022). Согласно постановлению эта публикация “содержит неэпизодическое изображение нетрадиционных сексуальных отношений между персонажами, составляющими гарем из побежденных [главным героем] девушек. Такое изображение представлено несколькими иллюстрациями лиц женского пола в романтическом и сексуальном контексте: прикосновения, объятия, поцелуи, секс (в том числе групповой) и т.д.” Суд также заявил, что информация в этой публикации “может быть квалифицирована как обнаруживающая признаки социокультурной угрозы национальной безопасности РФ в части, касающейся защиты традиционных ценностей, так как обнаруживает признаки идеологического и психологического воздействия на реципиента в виде насаждения деструктивной идеологии (пропаганды нетрадиционных сексуальных отношений).” Это одно из как минимум 12 дел против “Мангалиб”. Менеджер платформы также был оштрафован за различные публикации не менее 12 раз."
record_0479dc42,05-0648/2025,2025,77,77RS0026,6.21_3,1237700761539,legal entity,fine (2000000),Comics (comics_012),social media (https://web.archive.org/web/20251123145046/https://t.me/moscowcourts/7326); court (77RS0026-02-2025-006214-73),https://web.archive.org/web/20260330202723/https://meduza.io/news/2025/08/25/onlayn-biblioteku-mangalib-oshtrafovali-na-14-millionov-rubley-po-statie-o-propagande-lgbt-iz-za-mangi; https://web.archive.org/web/20260727164206/https://verstka.media/onlain-biblioteka-mangalib-shtraf-na-25-mln-rublei-propaganda-lgbt; https://web.archive.org/web/20260726093658/https://www.fontanka.ru/2025/08/25/75861945/; https://web.archive.org/web/20260718052412/https://zona.media/news/2025/08/25/manga,"“MangaLib”, a platform for online comics and manga, was fined for publications on its website. The publication in this case is “The Color of Sin: An Innocent Sin 2” (Oh Gye, 2024). According to the court, this manga “tells the story of a young man named Noah, who finds a place where no one knows him to live a normal life with his girlfriend, Nayeon, and two male friends in an open relationship. This material contains non-episodic depictions of non-traditional sexual relationships between characters, represented by several illustrations of supporting male characters (Noah's friends) in romantic and sexual contexts: touching, hugging, sexual interaction, etc.” The court stated that “the information displayed can be classified as revealing signs of a socio-cultural threat to the national security of the Russian Federation in terms of the protection of traditional values, since it reveals signs of ideological and psychological influence on the recipient in the form of the imposition of a destructive ideology (propaganda of non-traditional sexual relations).” This is one of at least 12 cases in a serial persecution of “MangaLib”. The manager of “MangaLib” was also prosecuted at least 12 times for different publications.","“Мангалиб”, платформа онлайн-комиксов и манги, оштрафована за публикации на сайте. Публикация в этом деле – “Цвет греха: Непорочный грех 2” (Oh Gye). Согласно суду “в данном материале, представленным 1 томом (5 глав), повествуется о юноше по имени Ноа, который находит место, где его никто не знает, чтобы жить нормальной жизнью вместе с Наён – своей девушкой, а также двумя друзьями мужского пола, состоящими в открытых отношениях. Материал содержит неэпизодическое изображение нетрадиционных сексуальных отношений между персонажами, представленное несколькими иллюстрациями второстепенных героев мужского пола (друзья Ноа) в романтическом и сексуальном контексте: прикосновения, объятия, сексуальное взаимодействие и т.д.” Суд также заявил, что информация в этой публикации “может быть квалифицирована как обнаруживающая признаки социокультурной угрозы национальной безопасности РФ в части, касающейся защиты традиционных ценностей, так как обнаруживает признаки идеологического и психологического воздействия на реципиента в виде насаждения деструктивной идеологии (пропаганды нетрадиционных сексуальных отношений).” Это одно из как минимум 12 дел против “Мангалиб”. Менеджер платформы также был оштрафован за различные публикации не менее 12 раз."
record_9bf237ed,05-0651/2025,2025,77,77RS0026,6.21_4,1237700761539,legal entity,fine (2000000),Comics (comics_011),social media (https://web.archive.org/web/20260203202656/https://t.me/moscowcourts/7534); court (77RS0026-02-2025-006221-52),https://web.archive.org/web/20251219102840/https://www.kommersant.ru/doc/8079319,"“MangaLib”, a platform for online comics and manga, was fined for publications on its website. The publication in this case is “With You, Our Love Will Make It Through” (Yuzuki Chihiro, 2021). According to the court, this manga “tells a story of a young girl, Mari, who lives in a city where beast-like creatures and humans coexist. One day, the girl meets Tsunagu, a beast-like creature, and this initial encounter confuses her. But as she gets to know him better, she becomes deeply attracted to him, despite their differences. The material contains a non-episodic depiction of a non-traditional sexual relationship between the main character, represented by several illustrations of a female figure with a beast-like creature (perceived as an animal) in a romantic context: kisses, hugs, and sensual touching.” The court stated that “the information displayed can be classified as revealing signs of a socio-cultural threat to the national security of the Russian Federation in terms of the protection of traditional values, since it reveals signs of ideological and psychological influence on the recipient in the form of the imposition of a destructive ideology (propaganda of non-traditional sexual relations).” This is one of at least 12 cases in a serial persecution of “MangaLib”. The manager of “MangaLib” was also prosecuted at least 12 times for different publications.","“Мангалиб”, платформа онлайн-комиксов и манги, оштрафована за публикации на сайте. Публикация в этом деле – “Пересечение стен любви с тобой / Kimi to Koete Koi ni Naru” (Yuzuki Chihiro, 2021). Согласно суду “в данном материале, представленным 4 томами (18 глав), повествуется о юной девушке Мари, живущей в городе, где сосуществуют звероподобные существа и люди. Однажды девушка встречает Цунагу – звероподобного, и это первый контакт сбивает ее с толку. Но когда она лучше узнает его, он начинает ее сильно привлекать, несмотря на межвидовые различия. Материал содержит неэпизодическое изображение нетрадиционных сексуальных отношений между главной героиней, представленное несколькими иллюстрациями лица женского пола со звероподобным существом (воспринимается в качестве животного) в романтическом контексте: поцелуи, объятия, чувственные прикосновения.” Суд также заявил, что информация в этой публикации “может быть квалифицирована как обнаруживающая признаки социокультурной угрозы национальной безопасности РФ в части, касающейся защиты традиционных ценностей, так как обнаруживает признаки идеологического и психологического воздействия на реципиента в виде насаждения деструктивной идеологии (пропаганды нетрадиционных сексуальных отношений).” Это одно из как минимум 12 дел против “Мангалиб”. Менеджер платформы также был оштрафован за различные публикации не менее 12 раз. "
record_e5c9cf4d,05-0655/2025,2025,77,77RS0026,6.21_4,1237700761539,legal entity,fine (2000000),Comics (comics_014),social media (https://web.archive.org/web/20260203202656/https://t.me/moscowcourts/7534); court (77RS0026-02-2025-006231-22),https://web.archive.org/web/20251219102840/https://www.kommersant.ru/doc/8079319,"“MangaLib”, a platform for online comics and manga, was fined for publications on its website. The publication in this case is “The Time My Friend Wanted to Try a Skirt” (Terai Akane, 2019). From the court decision: “This material, presented in Volume 1, tells the story of two childhood friends (both male), one of whom decides to feminise his image by repeatedly (in different chapters) wearing women's clothing and accessories. He is partly assisted in this by a close friend, who witnesses the transformations. For example, in Chapter 10 of Volume 1, the character decides to wear a wedding dress, and the two have a photo shoot in a church. Meanwhile, one friend admires the other, thinking about how happy he would be if he had such a beautiful bride. The material contains a non-episodic depiction of a male character in traditionally feminine clothing and accessories, accompanied by a positive attitude and approval. Furthermore, the material contains descriptions and depictions of non-traditional sexual relationships between the characters, represented by several illustrations of the two main male characters in a romantic context: touching, holding hands, etc.” The court also stated that “the information displayed can be classified as revealing signs of a socio-cultural threat to the national security of the Russian Federation in terms of the protection of traditional values, since it reveals signs of ideological and psychological influence on the recipient in the form of the imposition of a destructive ideology (propaganda of non-traditional sexual relations).” This is one of at least 12 cases in a serial persecution of “MangaLib”. The manager of “MangaLib” was also prosecuted at least 12 times for different publications.","“Мангалиб”, платформа онлайн-комиксов и манги, оштрафована за публикации на сайте. Публикация в этом деле – “Однажды мой друг захотел примерить юбку” (Terai Akane, 2019). Согласно суду “в данном материале, представленным 1 томом, повествуется о двух друзьях детства (лицах мужского пола), один из которых решает феминизировать свой образ, каждый раз (в разных главах) надевая на себя женскую одежду и аксессуары. В этом ему отчасти помогает его близкий друг, который и становится свидетелем перевоплощений. Так, в 10 главе 1 тома персонаж решает надеть свадебное платье, и герои устраивают фотосессию в церкви. При этом один друг восхищается другим, думая о том, как он был бы счастлив, если бы у него была такая прекрасная невеста. Материал содержит неэпизодическое изображение персонажа мужского пола в традиционно женской одежде и аксессуарах, что сопровождается положительным отношением и одобрением. Кроме того, материал содержит описание и изображение нетрадиционных сексуальных отношений между персонажами, представленное несколькими иллюстрациями двух главных персонажей мужского пола в романтическом контексте: прикосновения, держания за руку и т.д.” Суд также заявил, что информация в этой публикации “может быть квалифицирована как обнаруживающая признаки социокультурной угрозы национальной безопасности РФ в части, касающейся защиты традиционных ценностей, так как обнаруживает признаки идеологического и психологического воздействия на реципиента в виде насаждения деструктивной идеологии (пропаганды нетрадиционных сексуальных отношений).” Это одно из как минимум 12 дел против “Мангалиб”. Менеджер платформы также был оштрафован за различные публикации не менее 12 раз."
record_b94ab3d4,5-719/25,2025,77,77RS0001,6.21_3,individual_0053,individual,fine (100000),Social media (social_media_097),court (77RS0001-02-2025-012649-38),https://web.archive.org/web/20260617161751/https://ovd.info/story/khronika-davleniya-na-lgbtk?news_id=72337; https://web.archive.org/web/20260720230102/https://zona.media/news/2025/08/29/manshina,"A Moscow resident was fined for a VKontakte video titled “Gay skinhead 88.” The ruling states that the video was publicly available and treated as unlawful solely because of its title and its association with “LGBT propaganda.” The judgment does not describe the video’s content in detail, nor explain whether the material was explicit, documentary, ironic, musical, or archival in character — only that police classified it as “promoting non-traditional relations” after discovering it during online monitoring. The same individual was fined at least twice for different online content. ",
record_f5d119be,5-718/25,2025,77,77RS0001,6.21_3,individual_0053,individual,fine (100000),Social media (social_media_098),court (77RS0001-02-2025-012648-41),https://web.archive.org/web/20260617161751/https://ovd.info/story/khronika-davleniya-na-lgbtk?news_id=72337; https://web.archive.org/web/20260720230102/https://zona.media/news/2025/08/29/manshina,"A Moscow resident was fined for a VKontakte video titled “Red and anarcho skinheads fight straights until complete victory.” The court classified the upload as “LGBT propaganda” without explaining the video’s visual content, context, or date of origin. The video was uploaded over 10 years before the ruling, and it shows skinheads and anarchist gatherings. As in the parallel rulings (case 05-0719/2025), liability was based primarily on the title and public accessibility of the material rather than on any detailed analysis of what the recording actually depicted. The same individual was fined at least twice for different online content.",
record_d4875644,05-707/1/2025,2025,16,16MS0006,6.21_3,individual_0092,individual,fine (100000),Social media (social_media_099),court (16MS0006-01-2025-001734-23),https://web.archive.org/web/20260718051053/https://zona.media/news/2025/09/23/brothers; https://web.archive.org/web/20260726220223/https://verstka.media/v-tatarstane-bratev-blizneczov-oshtrafovali-za-propagandu-lgbt-v-instagram,Two Instagram users were fined for posts “promoting non-traditional sexual relations with a twin brother.” The exact content that constituted the violation is unknown. See also case 05-706/1/2025.,"Два пользователя Инстаграма были оштрафованы за публикации “с пропагандой нетрадиционных сексуальных отношений с братом близнецом”. Неизвестно, какой иммено контент суд посчитал правонарушением. См. также дело 05-706/1/2025."
record_d478b5c8,05-706/1/2025,2025,16,16MS0006,6.21_3,individual_0093,individual,fine (100000),Social media (social_media_100),court (16MS0006-01-2025-001731-32),https://web.archive.org/web/20260718051053/https://zona.media/news/2025/09/23/brothers; https://web.archive.org/web/20260726220223/https://verstka.media/v-tatarstane-bratev-blizneczov-oshtrafovali-za-propagandu-lgbt-v-instagram,Two Instagram users were fined for posts “promoting non-traditional sexual relations with a twin brother.” The exact content that constituted the violation is unknown. See also case 05-707/1/2025.,"Два пользователя Инстаграма были оштрафованы за публикации “с пропагандой нетрадиционных сексуальных отношений с братом близнецом”. Неизвестно, какой иммено контент суд посчитал правонарушением. См. также дело 05-707/1/2025."
record_39b03fd4,05-0656/2025,2025,77,77RS0026,6.21_4,1237700761539,legal entity,fine (2000000),Comics (comics_013),social media (https://web.archive.org/web/20260203202656/https://t.me/moscowcourts/7534); court (77RS0026-02-2025-006241-89),https://web.archive.org/web/20251219102840/https://www.kommersant.ru/doc/8079319,"“MangaLib”, a platform for online comics and manga, was fined for publications on its website. The publication in this case is “Boo! It’s Sex” (Danielle Corsetto, Monica Gallagher, 2018). From the court decision: “This 97-chapter series follows four freshmen – Denise, Christina, Lindsay, and Kim – as they move into a family-owned country house to study for college exams. On their first day, they meet Tara, the ghost of a deceased woman who now inhabits a bottle of tequila. While the girls adjust to their new surroundings, Tara acts as their mentor as they explore their bodies and sexuality. The series contains non-episodic depictions of non-traditional sexual relationships between the characters, represented by several illustrations of two female individuals in a romantic context: kissing, hugging, and sensual touching.” The court stated that “the information displayed can be classified as revealing signs of a socio-cultural threat to the national security of the Russian Federation in terms of the protection of traditional values, since it reveals signs of ideological and psychological influence on the recipient in the form of the imposition of a destructive ideology (propaganda of non-traditional sexual relations).” This is one of at least 12 cases in a serial persecution of “MangaLib”. The manager of “MangaLib” was also prosecuted at least 12 times for different publications.","“Мангалиб”, платформа онлайн-комиксов и манги, оштрафована за публикации на сайте. Публикация в этом деле – “Буу! Это секс / Boo! It’s Sex” (Danielle Corsetto, Monica Gallagher, 2018). Согласно суду “в данном материале, представленным 97 главами, повествуется о четырех первокурсницах – Дэнис, Кристине, Линдси, Ким, которые переезжают в семейный загородный дом, чтобы совместно готовиться к экзаменам в колледже. В первый же день они знакомятся с Тарой -  призраком умершей женщины, обитающим ныне в бутылке с текилой. Пока девушки осваиваются на новом месте жительства, Тара занимает позицию наставницы в их знакомстве с собственным организмом и сексуальностью. Материал содержит неэпизодическое изображение нетрадиционных сексуальных отношений между персонажами, представленное несколькими иллюстрациями двух лиц женского пола в романтическом контексте: поцелуи, объятия, чувственные прикосновения.” Суд также заявил, что информация в этой публикации “может быть квалифицирована как обнаруживающая признаки социокультурной угрозы национальной безопасности РФ в части, касающейся защиты традиционных ценностей, так как обнаруживает признаки идеологического и психологического воздействия на реципиента в виде насаждения деструктивной идеологии (пропаганды нетрадиционных сексуальных отношений).” Это одно из как минимум 12 дел против “Мангалиб”. Менеджер платформы также был оштрафован за различные публикации не менее 12 раз."
record_8bc2194c,5-626/2025,2025,77,77RS0017,6.21_3,individual_0065,individual,fine (),Social media (social_media_101),court (77RS0017-02-2025-014905-85),https://web.archive.org/web/20260428161642/https://mekodxpr-bsccljbcrq-ez.a.run.app/story/khronika-davleniya-na-lgbtk?news_id=72558#,"A VKontakte user was fined for publishing a photo, which, according to the court, “was promoting LGBT and non-traditional sexual orientation; it depicts a man participating in an LGBT parade, holding an LGBT flag.” The exact photo is unknown. The amount of the fine has been redacted from the court ruling. This individual was fined four times by the same judge on the same day for posting on VK.",
record_9031086c,5-628/2025,2025,77,77RS0017,6.21_3,individual_0065,individual,fine (),Social media (social_media_102),court (77RS0017-02-2025-014908-76),https://web.archive.org/web/20260428161642/https://mekodxpr-bsccljbcrq-ez.a.run.app/story/khronika-davleniya-na-lgbtk?news_id=72558#,"A VKontakte user was fined for publishing a photo depicting “two semi-nude men engaging in sexual acts”. According to the court, this photo “was aimed at promoting LGBT and non-traditional sexual orientation.” The exact photo is unknown. The amount of the fine has been redacted from the court ruling. This individual was fined four times by the same judge on the same day for posting on VK.",
record_bb5601c1,5-629/2025,2025,77,77RS0017,6.21_3,individual_0065,individual,fine (),Social media (social_media_103),court (77RS0017-02-2025-014909-73),https://web.archive.org/web/20260428161642/https://mekodxpr-bsccljbcrq-ez.a.run.app/story/khronika-davleniya-na-lgbtk?news_id=72558#,"A VKontakte user was fined for publishing a meme, which the court described as “the presidents of the United States and Russia lying in the same bed, with the following dialogue: '[Name redacted] - Will you recognise [Address redacted, most likely Crimea] for sure? [Name redacted] - Of course, dear!'” According to the court, this photo “was aimed at promoting LGBT and non-traditional sexual orientation.” The exact image is unknown. The amount of the fine has been redacted from the court ruling. This individual was fined four times by the same judge on the same day for posting on VK.",
record_d845c31c,05-0627/2025,2025,77,77RS0017,6.21_3,individual_0065,individual,fine (),Social media (social_media_104),court (77RS0017-02-2025-014907-79),https://web.archive.org/web/20260428161642/https://mekodxpr-bsccljbcrq-ez.a.run.app/story/khronika-davleniya-na-lgbtk?news_id=72558#,"A VKontakte user was fined for publishing an image, which the court described as “depicting four situations, where in the first there is a seated person looking at a monitor and reading 'straight gay', in the last part, there is an LGBT flag.” According to the court, this image “was aimed at promoting LGBT and non-traditional sexual orientation.” The exact image is unknown. The amount of the fine has been redacted from the court ruling. This individual was fined four times by the same judge on the same day for posting on VK.",
record_e559a9c1,05-0794/374/2025,2025,77,77MS0374,6.21_3,official_0031,official,fine (200000),Comics (comics_010),court (77MS0374-01-2025-002567-66),https://web.archive.org/web/20251001012033/https://doxa.team/news/2025-09-18-mangalib; https://web.archive.org/web/20260727164206/https://verstka.media/onlain-biblioteka-mangalib-shtraf-na-25-mln-rublei-propaganda-lgbt,"The project manager at “Mangalib”, a platform for online comics and manga, was prosecuted for several publications. The publication in this case is “The Great Snake’s Bride” (Fushiashikumo, 2021), which, according to the court, “promote non-traditional sexual relationships online” and “contained romantic and erotic illustrations involving a female character and a serpent-like creature”. This individual was fined at least 12 times for different publications. The company “MangaLib” was also fined at least 12 times.","Менеджер проектов “Мангалиб”, платформы онлайн-комиксов и манги, был привлечён к ответственности за несколько публикаций. Публикация в этом деле – “Девушка замужем за Змеем” (Fushiashikumo, 2021). Согласно суду эта публикация содержит “неэпизодическое изображение нетрадиционных сексуальных отношений, представленное несколькими иллюстрациями лица женского пола (главной героиней) со звероподобным существом (воспринимается в качестве змеи) в романтическом и эротическом контексте: поцелуи, объятия, чувственные прикосновения, сексуально откровенные действия.” Это должностное лицо было оштрафовано за различные публикации не менее 12 раз. ООО “Мангалиб” также была оштрафована не менее 12 раз."
record_f0703f0b,5-270/2025,2025,77,77RS0021,6.21_1,1027739678592,legal entity,fine (400000),Book (9785444817810),court (77RS0021-02-2025-013818-30),https://web.archive.org/web/20260718050955/https://zona.media/news/2025/09/24/lit-ob,"“New Literary Review” was fined for publishing the book by P Faxneld “Infernal Feminism” (Series “Gender Studies”) and distributing it through the bookstore “Falanster”. The judicial expert in the case concluded that the book “contains psychological and linguistic characteristics of propaganda promoting non-traditional sexual relations and a preference for sex change, as well as psychologically influencing the reader and encouraging them to engage in LGBT relationships.” According to the case, there were 55 copies available in the store that were subsequently confiscated and destroyed.",
record_b47970a6,5-101/2025,2025,71,71RS0021,6.21_3,individual_0103,individual,fine (100000),Social media (social_media_105),court (71RS0021-01-2025-001801-03),,"A VKontakte user was fined for posting a picture depicting “homosexual relationships between men, the content of which promotes non-traditional sexual relations”, according to the court. The exact content that constituted the violation is unknown.",
record_066700be,5-12-392/2025,2025,61,61MS0205,6.21_3,individual_0080,individual,fine (100000),Social media (social_media_106),court (61RS0022-01-2025-006102-04),,An individual was fined for posts on Telegram. The exact content that constituted the violation is not mentioned. The judge stated that “the dissemination of beliefs and preferences regarding sexual orientation and specific forms of sexual relations should not infringe on the dignity of others or call into question public morality as understood in Russian society.”,
record_ad890379,5-415/2025,2025,58,58MS0073,6.21_1,individual_0100,individual,fine (50000),Public action (public_action_006),court (58MS0073-01-2025-001437-96),https://web.archive.org/web/20251013151842/https://tvkrasnodar.ru/obshchestvo/2025/10/01/muzhchina-v-zhenskoy-odezhde-khodil-po-ulitse-v-penzenskoy-oblasti/; https://web.archive.org/web/20251017220215/https://www.gazeta.ru/social/news/2025/10/01/26859872.shtml,"An individual was fined for “promoting non-traditional sexual relations” in public by “positioning himself as a female, displaying his appearance, namely by wearing a women's shirt, women's short shorts, women's sunglasses, a red cap, lipstick, and a manicure with artificial nails painted pink.” This individual was fined twice for wearing “women's clothing” (see aslo 5-440/2025).",
record_a0fded80,5-440/2025,2025,58,58MS0073,6.21_1,individual_0100,individual,fine (50000),Public action (public_action_007),court (58MS0073-01-2025-001539-81),https://web.archive.org/web/20251013151842/https://tvkrasnodar.ru/obshchestvo/2025/10/01/muzhchina-v-zhenskoy-odezhde-khodil-po-ulitse-v-penzenskoy-oblasti/; https://web.archive.org/web/20251017220215/https://www.gazeta.ru/social/news/2025/10/01/26859872.shtml,"An individual was fined for dressing in women’s clothing in a public place. The court interpreted that as “promoting non-traditional sexual relations by appearance and behaviour. [...] while in a public place, positioned himself as a female, was dressed in women's clothing, had makeup on his face, and had manicure on his fingernails. He thereby promoted non-traditional sexual relations and committed actions aimed at fostering non-traditional sexual attitudes, the attractiveness of non-traditional sexual relations, and a distorted idea of ​​the social equivalence of traditional and non-traditional sexual relations.” This individual was fined twice for wearing “women's clothing” (see aslo 5-415/2025).",
record_53f9a976,05-0796/374/2025,2025,77,77MS0374,6.21_4,official_0034,official,fine (200000),Mass media (mass_media_009),court (77MS0374-01-2025-002569-60),https://web.archive.org/web/20260403164443/https://parniplus.com/news/shtraf-v-200-tysyach-za-statyu-ob-lgbt-poluchila-osnovatelnitsa-most-media/,"The editor-in-chief of “MOST.media” was fined for the article “You sit and think that God will punish you”. The court established that “the article, through the personal stories of its protagonists, demonstrates how people with non-traditional sexual preferences try to preserve their identity and overcome the homophobia that surrounds them.” According to the judicial expert, “the article uses verbal means of influence to form a positive attitude towards non-traditional sexual relations and (or) preferences” and its characters “are very successful and attractive individuals”, which constitutes the “promotion of non-traditional sexual relations”.","Главный редактор “МОСТ. медиа” была оштрафована за статью “Сидишь и думаешь, что Бог тебя покарает”. Суд установил, что “в статье с помощью личных историй героев демонстрируется, как люди с нетрадиционными сексуальными предпочтениями пытаются сохранить свою идентичность и победить окружающую их гомофобию”. Согласно заключению судебного эксперта, в статье “используются речевые средства воздействия на формирование положительного отношения к нетрадиционным сексуальным отношениям и (или) предпочтениям” и ее персонажи “являются весьма успешными и привлекательными”, что составляет “информацию, вызывающую интерес к нетрадиционным сексуальным отношениям и направленную на изменение негативного отношения к ним на положительное путем навязывания сведений о нетрадиционных сексуальных отношениях”."
record_a52d53b3,5-333/2025,2025,23,23MS0192,6.21_1,individual_0061,individual,fine (50000),Public action (public_action_008),court (23MS0192-01-2025-002074-28),,An individual was fined for “propaganda of non-traditional sexual relations” by “committing sexual acts with an unknown man in a public place.”,"Физическое лицо было оштрафовано за “пропаганду нетрадиционных сексуальных отношений”, потому что он, “находясь в общественном месте публично совершил сексуальные действия с неизвестным ему мужчиной.”"
record_dcccd598,05-0658/2025,2025,77,77RS0026,6.21_3,1237700761539,legal entity,fine (2000000),Comics (comics_007),social media (https://web.archive.org/web/20251123145046/https://t.me/moscowcourts/7326); court (77RS0026-02-2025-006245-77),https://web.archive.org/web/20260330202723/https://meduza.io/news/2025/08/25/onlayn-biblioteku-mangalib-oshtrafovali-na-14-millionov-rubley-po-statie-o-propagande-lgbt-iz-za-mangi; https://web.archive.org/web/20260727164206/https://verstka.media/onlain-biblioteka-mangalib-shtraf-na-25-mln-rublei-propaganda-lgbt; https://web.archive.org/web/20260726093658/https://www.fontanka.ru/2025/08/25/75861945/; https://web.archive.org/web/20260718052412/https://zona.media/news/2025/08/25/manga,"“MangaLib”, a platform for online comics and manga, was fined for publications on its website. The publication in this case is “Share” (Mitsuha Yuu, 2018). According to the court, this manga “tells the story of a girl named Haru, who has no particular ambitions in life and works part-time at a cafe to save money. One day, Rio, a handsome guy of homosexual orientation, drops by her cafe job. He attracts Haru's attention, and she pursues him all the way to his home. She stays there and cares for him while in a complicated relationship with his boyfriend, Iwakura. The material contains non-episodic depictions of non-traditional sexual relationships between characters, represented by several illustrations of the male protagonists (Rio and Iwakura) in a romantic and sexual context: hugs, kisses, sex, etc.” The court stated that “the information displayed can be classified as revealing signs of a socio-cultural threat to the national security of the Russian Federation in terms of the protection of traditional values, since it reveals signs of ideological and psychological influence on the recipient in the form of the imposition of a destructive ideology (propaganda of non-traditional sexual relations).” This is one of at least 12 cases in a serial persecution of “MangaLib”. The manager of “MangaLib” was also prosecuted at least 12 times for different publications.","“Мангалиб”, платформа онлайн-комиксов и манги, оштрафована за публикации на сайте. Публикация в этом деле – “На двоих” (Mitsuha Yuu, 2018). Согласно суду “в данном материале, представленным 3 томами (15 глав), повествуется о девушке по имени Хару, у которой нет особых жизненных амбиций, она просто подрабатывает в кафе, чтобы накопить денег. Однажды к ней на подработку в кафе заглядывает Рио – красивый парень гомосексуальной ориентации. Он заинтересовывает Хару, и она преследует его до самого дома, а в дальнейшем остается там жить и заботиться о нем, находясь в запутанных отношениях вместе с его парнем Ивакурой. Материал содержит неэпизодическое изображение нетрадиционных сексуальных отношений между персонажами, представленное несколькими иллюстрациями главных героев мужского пола (Рио и Ивакура) в романтическом и сексуальном контексте: объятия, поцелуи, секс и т.д.” Суд также заявил, что информация в этой публикации “может быть квалифицирована как обнаруживающая признаки социокультурной угрозы национальной безопасности РФ в части, касающейся защиты традиционных ценностей, так как обнаруживает признаки идеологического и психологического воздействия на реципиента в виде насаждения деструктивной идеологии (пропаганды нетрадиционных сексуальных отношений).” Это одно из как минимум 12 дел против “Мангалиб”. Менеджер платформы также был оштрафован за различные публикации не менее 12 раз."
record_8d51dd6d,05-0659/2025,2025,77,77RS0026,6.21_3,1237700761539,legal entity,fine (2000000),Comics (comics_008),social media (https://web.archive.org/web/20251123145046/https://t.me/moscowcourts/7326); court (77RS0026-02-2025-006246-74),https://web.archive.org/web/20260330202723/https://meduza.io/news/2025/08/25/onlayn-biblioteku-mangalib-oshtrafovali-na-14-millionov-rubley-po-statie-o-propagande-lgbt-iz-za-mangi; https://web.archive.org/web/20260727164206/https://verstka.media/onlain-biblioteka-mangalib-shtraf-na-25-mln-rublei-propaganda-lgbt; https://web.archive.org/web/20260726093658/https://www.fontanka.ru/2025/08/25/75861945/; https://web.archive.org/web/20260718052412/https://zona.media/news/2025/08/25/manga,"“MangaLib”, a platform for online comics and manga, was fined for publications on its website. The publication in this case is “Sex Life With My Beast Partner” (Komagome, 2018). According to the court, this manga “tells the story of a girl who tries to stay away from therianthropes (beast-like creatures) at the company where she works. She has been dating her boyfriend, Mitsuru, for a year. But one day, she discovers his secret: he is a therianthrope. Despite their differences, the girl does not reject him, but rather, enters into an intimate relationship with him. The material contains non-episodic depictions of non-traditional sexual relationships, represented by several illustrations of a female person (the main character) with a beast-like creature (perceived as an animal) in a romantic and erotic context: kisses, hugs, sensual touches, and sexually explicit actions.” The court stated that “the information displayed can be classified as revealing signs of a socio-cultural threat to the national security of the Russian Federation in terms of the protection of traditional values, since it reveals signs of ideological and psychological influence on the recipient in the form of the imposition of a destructive ideology (propaganda of non-traditional sexual relations).” This is one of at least 12 cases in a serial persecution of “MangaLib”. The manager of “MangaLib” was also prosecuted at least 12 times for different publications.","“Мангалиб”, платформа онлайн-комиксов и манги, оштрафована за публикации на сайте. Публикация в этом деле – “Зверь – партнер для Кодокури Сейкацу” (Komagome, 2018). Согласно суду “в данном материале, представленным 1 томом (3 главы), повествуется о девушке, которая старается держаться подальше от териантропов (звероподобных существ) в компании, где работает. На протяжении года она встречается со своим молодым человеком по имени Мицуру. Но однажды ей становится известен его секрет – мужчина является териантропом. Несмотря на межвидовые различия, девушка не отвергает его, а, напротив, вступает с ним в интимную связь. Материал содержит неэпизодическое изображение нетрадиционных сексуальных отношений, представленное несколькими иллюстрациями лица женского пола (главной героиней) со звероподобным существом (воспринимается в качестве животного) в романтическом и эротическом контексте: поцелуи, объятия, чувственные прикосновения, сексуально откровенные действия.” Суд также заявил, что информация в этой публикации “может быть квалифицирована как обнаруживающая признаки социокультурной угрозы национальной безопасности РФ в части, касающейся защиты традиционных ценностей, так как обнаруживает признаки идеологического и психологического воздействия на реципиента в виде насаждения деструктивной идеологии (пропаганды нетрадиционных сексуальных отношений).” Это одно из как минимум 12 дел против “Мангалиб”. Менеджер платформы также был оштрафован за различные публикации не менее 12 раз."
record_dcd5d3b0,05-0661/2025,2025,77,77RS0026,6.21_4,1237700761539,legal entity,fine (2000000),Comics (comics_009),social media (https://web.archive.org/web/20260203202656/https://t.me/moscowcourts/7534); court (77RS0026-02-2025-006251-59),https://web.archive.org/web/20251219102840/https://www.kommersant.ru/doc/8079319,"“MangaLib”, a platform for online comics and manga, was fined for publications on its website. The publication in this case is “ONIMAI: I'm Now Your Sister!” (Nekotoufu, 2017). According to the court, this manga “tells the story of a brother and sister. One morning, the brother woke up and realised he had become a girl (changed his sex). The sister, upon discovering her brother was a girl, was overjoyed and admitted it was her experiment. But instead of returning her brother to his former state, she began teaching him to be a girl. The material contains a non-episodic depiction of a female character who is a man (meaning the character was originally a male), accompanied by a positive attitude and approval. Therefore, the presented manga […] contains information promoting sex change due to the systematic distribution of graphic images containing information about sex change.” The court stated that “the information displayed can be classified as revealing signs of a socio-cultural threat to the national security of the Russian Federation in terms of the protection of traditional values, since it reveals signs of ideological and psychological influence on the recipient in the form of the imposition of a destructive ideology (propaganda of non-traditional sexual relations).” This is one of at least 12 cases in a serial persecution of “MangaLib”. The manager of “MangaLib” was also prosecuted at least 12 times for different publications.","“Мангалиб”, платформа онлайн-комиксов и манги, оштрафована за публикации на сайте. Публикация в этом деле – “Мой братик теперь не братик!” (Nekotoufu, 2017). Согласно суду “в данном материале повествуется о брате и сестре. Однажды утром брат проснулся и понял, что стал девушкой (сменил пол). Сестра, обнаружив своего брата девушкой, очень этому обрадовалась и призналась, что это был ее эксперимент. Но вместо того, чтобы вернуть брата в прежнее состояние, она стала учить его быть девушкой. Материал содержит неэпизодическое изображение персонажа женского пола, который является мужчиной (то есть изначально это был персонаж мужского пола), что сопровождается положительным отношением и одобрением. Таким образом, представленная манга [...] содержит информацию, пропагандирующую смену пола в связи с наличием систематического распространения материалов рисованных изображений, содержащие информацию о смене пола.” Суд также заявил, что информация в этой публикации “может быть квалифицирована как обнаруживающая признаки социокультурной угрозы национальной безопасности РФ в части, касающейся защиты традиционных ценностей, так как обнаруживает признаки идеологического и психологического воздействия на реципиента в виде насаждения деструктивной идеологии (пропаганды нетрадиционных сексуальных отношений).” Это одно из как минимум 12 дел против “Мангалиб”. Менеджер платформы также был оштрафован за различные публикации не менее 12 раз."
record_f264cb14,05-0675/2025,2025,77,77RS0026,6.21_3,1237700761539,legal entity,fine (),Comics (comics_010),court (77RS0026-02-2025-006419-40),https://web.archive.org/web/20260330202723/https://meduza.io/news/2025/08/25/onlayn-biblioteku-mangalib-oshtrafovali-na-14-millionov-rubley-po-statie-o-propagande-lgbt-iz-za-mangi; https://web.archive.org/web/20260727164206/https://verstka.media/onlain-biblioteka-mangalib-shtraf-na-25-mln-rublei-propaganda-lgbt; https://web.archive.org/web/20260726093658/https://www.fontanka.ru/2025/08/25/75861945/; https://web.archive.org/web/20260718052412/https://zona.media/news/2025/08/25/manga,"“MangaLib”, a platform for online comics and manga, was fined for publications on its website. The publication in this case is “The Great Snake’s Bride” (Fushiashikumo, 2021). From the court decision: “This material, represented by one volume of 26 chapters, tells the story of a girl forced to marry a Snake (a giant snake). Initially, the girl is afraid of her husband, but soon the Snake succeeds in winning the young wife's affections, after which the characters begin an intimate relationship. The material contains non-episodic depictions of non-traditional sexual relations, represented by several illustrations of a female character (the main character) with a beast-like creature (perceived as a snake) in a romantic and erotic context: kissing, hugging, sensual touching, and sexually explicit actions. Therefore, the presented manga [...] contains information promoting non-traditional sexual relations and/or preferences due to the systematic distribution of materials with non-episodic depictions and/or descriptions of non-traditional sexual relations.” The court stated that “the information displayed can be classified as revealing signs of a socio-cultural threat to the national security of the Russian Federation in terms of the protection of traditional values, since it reveals signs of ideological and psychological influence on the recipient in the form of the imposition of a destructive ideology (propaganda of non-traditional sexual relations).” This is one of at least 12 cases in a serial persecution of “MangaLib”. The manager of “MangaLib” was also prosecuted at least 12 times for different publications.","“Мангалиб”, платформа онлайн-комиксов и манги, оштрафована за публикации на сайте. Публикация в этом деле – “Девушка замужем за Змеем” (Fushiashikumo, 2021). Согласно суду “в данном материале, представленным 1 томом из 26 глав, повествуется девушке, вынужденной выйти замуж за Змея (персонаж является гигантской змеей). Поначалу девушка боится супруга, но вскоре Змею удается добиться расположения молодой жены, после чего персонажи вступают в интимную связь. Материал содержит неэпизодическое изображение нетрадиционных сексуальных отношений, представленное несколькими иллюстрациями лица женского пола (главной героиней) со звероподобным существом (воспринимается в качестве змеи) в романтичном и эротическом контексте: поцелуи, объятия, чувственные прикосновения, сексуально откровенные действия. Таким образом, представленная манга [...] содержит информацию, пропагандирующую нетрадиционные сексуальные отношения и (или) предпочтения в связи с наличием систематического распространения материалов с неэпизодическим изображением и (или) описанием нетрадиционных сексуальных отношений.” Суд также заявил, что информация в этой публикации “может быть квалифицирована как обнаруживающая признаки социокультурной угрозы национальной безопасности РФ в части, касающейся защиты традиционных ценностей, так как обнаруживает признаки идеологического и психологического воздействия на реципиента в виде насаждения деструктивной идеологии (пропаганды нетрадиционных сексуальных отношений).” Это одно из как минимум 12 дел против “Мангалиб”. Менеджер платформы также был оштрафован за различные публикации не менее 12 раз."
record_54d5262d,5-895/2025,2025,77,77RS0002,6.21_1,1087746539210,legal entity,fine (800000),Book (OL20004466W); Comics (OL22355901W); Book (OL24826887M); Book (9785444817810); Comics (comics_002); Book (OL35877617M),mass media (https://web.archive.org/web/20260107153036/https://www.forbes.ru/forbeslife/547085-izdatel-stvo-ad-marginem-ostrafovali-na-800-000-rublej-za-propagandu-lgbt); court (77RS0002-02-2025-013029-09),https://web.archive.org/web/20260517215039/https://meduza.io/news/2025/10/02/izdatelstvo-ad-marginem-oshtrafovali-na-800-tysyach-rubley-za-knigu-telo-kazhdogo-olivii-leng,"The publishing house “Ad Marginem” was fined for distributing six books: “More Happy Than Not” (Adam Silvera, 2015), “The Fruit of Knowledge” (Liv Strömquist, 2014), “The Miseducation of Cameron Post” (Emily Danforth, 2012), “Infernal Feminism” (Per Faxneld, 2022), “Fence, Vol. 2” (Pascat, 2018), and “Everybody: A Book About Freedom” (Olivia Lang, 2021). According to the court, these books “contained psychological and linguistic elements of propaganda for non-traditional sexual relations and/or preferences and/or sex change and also contained incitement to LGBTQ+ relationships”. The court mentioned that these books were sold at the “Falanster” bookshop, which was also fined for distributing the same titles (see case 05-0268/2025).",
record_04e454ff,5-839/25,2025,77,77RS0001,6.21_3,individual_0054,individual,fine (100000),Social media (social_media_107),court (77RS0001-02-2025-014949-25),https://web.archive.org/web/20251020054057/https://www.gazeta.ru/social/news/2025/10/20/26992094.shtml,"A VKontakte user was fined after police identified a publicly accessible photograph on his page and classified it as “LGBT propaganda.” The ruling contains no description of the image itself: neither subject matter, text, symbols, nor persons depicted are recorded in the judgment. The finding of liability rests entirely on the police classification of the linked photograph as material related to “non-traditional sexual relations”. The exact image is unavailable.",
record_3b63e42f,5-296/87/2025,2025,77,77RS0003,6.21_3,individual_0052,individual,fine (150000),Social media (social_media_108),court (77RS0003-02-2025-011559-98),https://web.archive.org/web/20260718050836/https://zona.media/news/2025/09/30/13,"An individual was fined for a video published on TikTok. According to the court, this video “promoted non-traditional sexual relations” and depicted “a young man with headphones on, long hair, glasses in a black T-shirt, and text over it”; “[the defendant] himself is present in the video, [...] moving to the music”. It is not said what text was on the video. The same indivudual was prosecuted at least 7 times for different TikTok videos.",
record_6e719509,5-297/87/2025,2025,77,77MS0087,6.21_3,individual_0052,individual,fine (150000),Social media (social_media_109),court (77RS0003-02-2025-011557-07),https://web.archive.org/web/20260718050836/https://zona.media/news/2025/09/30/13,"An individual was fined for a 7-second TikTok video. According to the court, the video showed “a young man with long hair, headphones, glasses and a black T-shirt, accompanied by text placed on screen”. The exact text is unknown. Police testified that the clip had already been deleted from TikTok by the time of the inspection, but had continued circulating on Telegram channels, where it was then examined and used as evidence. The same individual was prosecuted at least 7 times for different TikTok videos.",
record_40ba3590,5-299/87/2025,2025,77,77MS0087,6.21_3,individual_0052,individual,fine (150000),Social media (social_media_110),court (77RS0003-02-2025-011553-19),https://web.archive.org/web/20260718050836/https://zona.media/news/2025/09/30/13,"An individual was fined for a 15-second TikTok video. The video showed the defendant “wearing headphones, glasses, and a black T-shirt — moving to music while text appeared on screen”. Although the court repeatedly stated that the text was central to the offence, its wording was not reproduced in the judgment. By the time police opened proceedings, the original TikTok post had already been deleted, but officers testified that the clip had spread to Telegram channels. The same individual was prosecuted at least 7 times for different TikTok videos.",
record_10aad3e6,5-295/87/2025,2025,77,77MS0087,6.21_3,individual_0052,individual,fine (150000),Social media (social_media_111),court (77RS0003-02-2025-011565-80),https://web.archive.org/web/20260718050836/https://zona.media/news/2025/09/30/13,"An individual was fined for a 15-second TikTok video. In this clip, the court described the defendant “wearing headphones, glasses, a white T-shirt and black jacket, moving to music while text appeared on screen”. The exact text is unknown. Officers testified that the original TikTok post had already been deleted, but the video spread to Telegram channels. The same individual was prosecuted at least 7 times for different TikTok videos.",
record_5c3f1784,5-0626/2025,2025,77,77RS0003,6.21_3,individual_0074,individual,fine (200000),Social media (social_media_112); Social media (social_media_a069465c); Social media (social_media_5269bbc0); Social media (social_media_6247b1c5); Social media (social_media_63cd4b82); Social media (social_media_c38ced52); Social media (social_media_136e2d94); Social media (social_media_061e61a8),social media (https://web.archive.org/web/20251127144455/https://t.me/moscowcourts/7623); court (77RS0003-02-2025-011115-72),https://web.archive.org/web/20260429195610/https://www.vesti.ru/article/4728409,"An individual was fined for posting videos and pictures on VKontakte and Telegram. The court provided six links to Telegram posts and two to VK posts. The judicial experts identified in the videos “a combination of linguistic and psychological features promoting non-traditional sexual relations (not between a man and a woman), which is expressed by a positive assessment of such relations as correct, justifying the need for sexual relations not between a man and a woman.” The experts characterised the pictures as “erotic”, which were used by the defendant to “promote the ideas of LGBT”. The exact videos and pictures are no longer available online.","Физическое лицо оштрафовано за публикацию видео и изображений во ВКонтакте и Телеграме. Суд привел шесть ссылок на публикации в Телеграме и две — на публикации в ВК. Судебные эксперты выявили в видео “совокупность лингвистических и психологических признаков пропаганды нетрадиционных сексуальных отношений (не между мужчиной и женщиной), что выражено положительной оценкой таких отношений как правильных, обоснованием необходимости сексуальных отношений не между мужчиной и женщиной”. Эксперты упомянули, что изображения были “эротического содержания, в которых [ответчик] распространяет идеи ЛГБТ”. Ссылки на посты больше не доступны в социальных сетях."
record_93600a7c,5-0763/2025,2025,77,77RS0017,6.21_3,individual_0064,individual,fine (),Social media (social_media_113),court (77RS0017-02-2025-018431-80),,"A VKontakte user was fined for publishing “an image of two naked men engaged in non-traditional sexual relations depicting same-sex intimacy.” The exact images are unclear; the profile has been deleted. This individual was fined at least three times by the same judge on the same day for posting on VKontakte and was also detained for 15 days for posting images depicting rainbow flags, which the court deemed as “public demonstration of extremist symbols” (article 20.3).",
record_4e0b6613,5-0761/2025,2025,77,77RS0017,6.21_3,individual_0064,individual,fine (),Social media (social_media_114),court (77RS0017-02-2025-018429-86),,"A VKontakte user was fined for publishing “an image of two men kissing with the text 'It could have been you and me, but you didn't go to PE'.” The judicial experts concluded that the image “contained linguistic and psychological signs of propaganda for non-traditional sexual relations [...] expressed in the presentation of love and sexual scenes between two men in an aesthetically pleasing manner with the aim of arousing interest in such contacts, i.e., in demonstrating and attracting the viewer's attention to non-traditional (same-sex) relationships.” The exact images are unclear; the profile has been deleted. This individual was fined at least three times by the same judge on the same day for posting on VKontakte and was also detained for 15 days for posting images depicting rainbow flags, which the court deemed as “public demonstration of extremist symbols” (article 20.3).",
record_d7c7427f,5-0760/2025,2025,77,77RS0017,6.21_3,individual_0064,individual,fine (),Social media (social_media_115),court (77RS0017-02-2025-018428-89),,"A VKontakte user was fined for publishing “a semi-nude photograph of two men embracing.” In this image, the judicial experts identified “linguistic and psychological signs of propaganda for non-traditional sexual relations [...] expressed in the display of love and sexual scenes between two men in an aesthetically appealing manner with the aim of arousing interest in such contacts.” The exact images are unclear; the profile has been deleted. This individual was fined at least three times by the same judge on the same day for posting on VKontakte and was also detained for 15 days for posting images depicting rainbow flags, which the court deemed as “public demonstration of extremist symbols” (article 20.3).",
record_f8a6568f,5-310/87/2025,2025,77,77MS0087,6.21_3,individual_0052,individual,fine (150000),Social media (social_media_116),court (77RS0003-02-2025-011554-16),https://web.archive.org/web/20260718050836/https://zona.media/news/2025/09/30/13,"An individual was fined for a 15-second video. The court described the video showing “a young man with long hair, headphones, glasses and a black T-shirt moving to music, with the caption: I sing for all the male consultants of Golden Apple [a chain of beauty shops].” The court held that the caption, together with the music, was sufficient to disseminate “propaganda of non-traditional sexual relations”. The same individual was prosecuted at least 7 times for different TikTok videos.",
record_6d20f1f4,5-309/87/2025,2025,77,77MS0087,6.21_3,individual_0052,individual,fine (150000),Social media (social_media_117),court (77RS0003-02-2025-011551-25),https://web.archive.org/web/20260718050836/https://zona.media/news/2025/09/30/13,"An individual was fined for a TikTok video. According to the court, the video showed “a young man with long hair, headphones, glasses and a black T-shirt, accompanied by text placed on screen”. The exact text is unknown. The court held that the caption, together with the music, was sufficient to disseminate “propaganda of non-traditional sexual relations”. The same individual was prosecuted at least 7 times for different TikTok videos.",
record_f0e71207,5-311/87/2025,2025,77,77MS0087,6.21_3,individual_0052,individual,fine (150000),Social media (social_media_118),court (77RS0003-02-2025-011556-10),https://web.archive.org/web/20260718050836/https://zona.media/news/2025/09/30/13,"An individual was fined for a 15-second TikTok video. According to the inspection record, the video showed the defendant “wearing headphones, with long hair and a black T-shirt, moving to music while text appeared on screen”. The exact text is unknown. During the hearing, police argued that “the text placed on the video together with the song indicates the formation of a positive attitude toward non-traditional sexual relations.” The same individual was prosecuted at least 7 times for different TikTok videos.",
record_727f2846,16-5279/2025,2025,92,23KJ0004,6.21_3,individual_0068,individual,fine (50000),Social media (social_media_119),court (92MS0012-01-2025-000756-60),,"An individual was prosecuted for posting a textual message on Telegram accompanied by “two images of 'rainbow' flags, similar to the symbols of the international LGBT social movement, which is classified as an extremist organisation”. The court stated that this content was “obviously aimed at forming non-traditional sexual attitudes, the attractiveness of non-traditional sexual relations and (or) preferences, and a distorted idea of the social equivalence of traditional and non-traditional sexual relations and (or) preferences.” The exact content is unknown.",
record_74de56cd,5-2433/2025-162,2025,78,78MS0161,6.21.2_2,official_0027,official,fine (200000),Film (487498),court (78MS0161-01-2025-006232-44),https://web.archive.org/web/20260726221151/https://verstka.media/sud-priznal-sczenu-s-zhenskoj-masturbacziej-v-filme-netradiczionnymi-seksualnymi-otnosheniyami,"The deputy general director of the online streaming platform “Okko” was fined for distributing the film “Black Ghosts” (Andreas Marawell, 2015), labelled “16+”. The court mentioned the timecodes of four scenes, which “demonstrated non-traditional sexual relations and preferences” to minors: 00:11:10-00:12:57; 00:15:46-00:16:54; 01:33:41-01:35:07; 01:29:19-01:31:42. It is not specified what these scenes depicted.","Заместитель генерального директора стриминговой платформы “Окко” была оштрафована за распространение фильма “Черные призраки” (Andreas Marawell, 2015) с маркировкой “16+”. Суд упомянул четыре тайм-кода сцен, “демонстрирующих нетрадиционные сексуальные отношения и (или) предпочтения” среди несовершеннолетних: 00:11:10-00:12:57; 00:15:46-00:16:54; 01:33:41-01:35:07; 01:29:19-01:31:42. В постановлении не уточняется, что именно было показано в этих сценах."
record_df60251a,12-136/2025 (5-29/2025),2025,39,39MS0029,6.21_3,1163926063938,legal entity,fine (1000000),"Queer venue, Web content (queer_venue_007)",court (39MS0029-01-2025-002443-79),https://web.archive.org/web/20260510231018/https://kaliningrad.rbc.ru/kaliningrad/24/09/2025/68d3c6d79a794740a5dff03f,"The Kaliningrad regional organisation “KAUP” was prosecuted after authorities examined photographs from its June 2025 event “From Sunset to Sunrise.” The court deemed the photos from the festival “propaganda of non-traditional sexual relations and preferences” because they contained “BDSM paraphernalia, a 'BDSM' sign, kissing women, women in revealing outfits, and a woman exposing her breasts.” Evidence in the case included statements from Orthodox, Baptist, Muslim, and Buddhist organizations, which stated that “paraphernalia of the 'BDSM' psychosexual subculture pertains to non-traditional sexual relations and preferences, fosters non-traditional sexual attitudes, and [...] does not correspond to the traditional spiritual and moral values of the Russian Federation.”","Калининградская региональная общественная организация “Центр исторической реконструкции 'Кауп'” была привлечена к ответственности после того, как полицейские нашли фото с мероприятия “Вечеринка от заката до рассвета” на сайте организации в июне 2025. Суд счёл фото с фестиваля “пропагандой нетрадиционных сексуальных отношений и предпочтений”, поскольку на фото были “атрибутика БДСМ, вывеска 'BDSM', целующиеся девушки, девушки в откровенных нарядах, девушка, демонстрирующая грудь”. Среди доказательств в деле были письменные заключения православной, баптистской, мусульманской и буддийской организаций, которые заявили, что “атрибутика психосексуальной субкультуры 'БДСМ' относится к нетрадиционным сексуальным отношениям и предпочтениям, формирует нетрадиционные сексуальные установки и [...] не соответствует традиционным духовно-нравственным ценностям Российской Федерации.”"
record_74d48b6d,5-99/2025,2025,27,27RS0006,6.21_1,individual_0055,individual,fine (50000),Unclear (unclear_007),court (27RS0006-01-2025-004173-20),,"While in prison, the individual was fined for ""promoting non-traditional sexual relations (homosexuality), which consisted of disseminating information among convicts about the social equivalence of traditional and non-traditional sexual relations."" The court did not specify what information was disseminated.","Будучи в заключении, физическое лицо было оштрафовано за “пропаганду нетрадиционных сексуальных отношений (гомосексуализм), что выразилось в распространении информации среди осужденных о социальной равноценности традиционных и нетрадиционных сексуальных отношений.” Суд не уточнил, какая именно информация была распространена."
record_1423f46f,5-1201/2025-150,2025,78,78MS0175,6.21_3,individual_0079,individual,fine (100000),Social media (social_media_120); Social media (social_media_648581ef),court (78MS0175-01-2025-002714-62),https://web.archive.org/web/20260530152012/https://paperpaper.io/papernews/2025/12/8/na-sto-tysyach-rublej-oshtrafovali-lgbt-a/#,"Igor Kochetkov, an LGBTQIA+ activist and the chair of the “Russian LGBT Network”, was fined for two posts on his Telegram channel. One post advertised an online poll for queer people; another was about the experiences of an LGBTQIA+ community resisting the state's repressive mechanisms. The judicial expertise found these posts to “contain information promoting non-traditional sexual relations and/or preferences”. The court also stated that these posts contained “signs of a socio-cultural threat to the national security of the Russian Federation in terms of the protection of traditional values”. In April 2026, the “Russian LGBT Network” was designated an “extremist organisation”.","Игорь Кочетков, ЛГБТКИА+ активист и председатель “Российской ЛГБТ-сети”, был оштрафован за две публикации в своем Телеграм-канале. Одна публикация призывала пройти онлайн-опрос для квир-людей, другая рассказывала об опыте квир-сообщества сопротивляться репрессивным механизмам. Судебная экспертиза установила, что эти публикации “содержат информацию, пропагандирующую нетрадиционные сексуальные отношения и (или) предпочтения”. Суд также заявил, что информация в этих публикациях “может быть квалифицирована как обнаруживающая признаки социокультурной угрозы национальной безопасности Российской Федерации в части, касающейся защиты традиционных ценностей”. В апреле 2026 года “Российская ЛГБТ-сеть” была признана “экстремистской организацией”."
record_a0028f26,5-2518/2025-162,2025,78,78MS0161,6.21.2_2,1167847381130,legal entity,fine (1000000),Film (487498),court (78MS0161-01-2025-006330-41),,"The online streaming platform “Okko” was fined for the film “Black Ghosts” (Andreas Marawell, 2015), labelled “16+”. The court mentioned the timecodes of four scenes, which “demonstrated non-traditional sexual relations and preferences” to minors: 00:11:10-00:12:57; 00:15:46-00:16:54; 01:33:41-01:35:07; 01:29:19-01:31:42. It is not specified what these scenes depicted. The deputy general director of the streaming platform was also fined for the same film (see case 5-2433/2025-162).","Стриминговая платформа “Окко” была оштрафована за фильм “Черные призраки” (Andreas Marawell, 2015) с маркировкой “16+”. Суд упомянул четыре тайм-кода сцен, “демонстрирующих нетрадиционные сексуальные отношения и (или) предпочтения” среди несовершеннолетних: 00:11:10-00:12:57; 00:15:46-00:16:54; 01:33:41-01:35:07; 01:29:19-01:31:42. В постановлении не уточняется, что именно было показано в этих сценах. Заместитель генерального директора “Окко” также была оштрафована за распространение этого фильма (см. дело 5-2433/2025-162)."
